Album,Artist,Release Date,Year,No. Tracks,Label,Popularity,Spotify_ID,Album Art,id
Souvlaki,Slowdive,1994-11-05,1993,19,Sony Music UK,50,4i21O3uVh5palcfFhCjlT7,https://i.scdn.co/image/ab67616d0000b27353da07db25e2543cce38abfe,
Remain in Light (Deluxe Version),Talking Heads,1980-10-08,1980,12,Rhino/Warner Records,61,3AQgdwMNCiN7awXch5fAaG,https://i.scdn.co/image/ab67616d0000b273e56fa8c916dc6ce419dcf557,
98.12.28 男達の別れ (Live),Fishmans,1999-09-29,1999,14,Universal Music LLC,41,5K4YFkTizFoMOyN5Khfp7G,https://i.scdn.co/image/ab67616d0000b273b8b2f65e2dfa733439974801,
"The Glow, Pt. 2",The Microphones,2001-09-11,2001,20,P.W. Elverum & Sun,53,6QYoRO2sXThCORAifrP4Bl,https://i.scdn.co/image/ab67616d0000b27300c91ccec6800014b8513717,
Lift Your Skinny Fists Like Antennas to Heaven,Godspeed You! Black Emperor,2000-01-01,2000,4,kranky,40,2rT82YYlV9UoxBYLIezkRq,https://i.scdn.co/image/ab67616d0000b2730791c8a2dc44008c52b4883a,
The Rise and Fall of Ziggy Stardust and the Spiders from Mars (2012 Remaster),David Bowie,1972-06-06,1972,11,Parlophone UK,69,48D1hRORqJq52qsnUYZX56,https://i.scdn.co/image/ab67616d0000b273c41f4e1133b0e6c5fcf58680,
Grace,Jeff Buckley,1994,1994,11,Columbia/Legacy,65,7yQtjAjhtNi76KRu05XWFS,https://i.scdn.co/image/ab67616d0000b2736a760642a56847027428cb61,
F♯ A♯ ∞,Godspeed You! Black Emperor,1997-08-14,1997,3,kranky,38,7sh2Z8jj1iySpHRAnGd9w5,https://i.scdn.co/image/ab67616d0000b2738239a94043f709d8c4d596e0,
After (Live),Mount Eerie,2018-09-28,2018,12,P.W. Elverum & Sun,16,6GLzesZC4hS9yepfC2C1Xq,https://i.scdn.co/image/ab67616d0000b2735937965b2412c41014fd977d,
My Beautiful Dark Twisted Fantasy,Kanye West,2010-11-22,2010,13,Roc-A-Fella,79,20r762YmB5HeofjMCiPMLv,https://i.scdn.co/image/ab67616d0000b273d9194aa18fa4c9362b47464f,
The Name of This Band Is Talking Heads (Expanded 2004 Remaster),Talking Heads,1982-03-24,1982,33,Rhino/Warner Records,41,2WTDHjiVNCHY3ju9kmGNOY,https://i.scdn.co/image/ab67616d0000b273a1065484c40a0e4b32873938,
the long goodbye (lcd soundsystem live at madison square garden),LCD Soundsystem,2014-04-19,2014,28,Parlophone UK,43,1J60iwLlrXqJokziB4h19U,https://i.scdn.co/image/ab67616d0000b27301e6abc0f8b830037b697b23,
Disintegration (Remastered),The Cure,1989-05-02,1989,12,UMC (Universal Music Catalogue),48,6DZNOsLXIU2zOQfQDwDpIS,https://i.scdn.co/image/ab67616d0000b273858ed9e2832801189187391a,
Future Days (Remastered),CAN,1973,1973,4,Mute,0,4a1QKRL1X9PlAX9wiiqmAm,https://i.scdn.co/image/ab67616d0000b2731fe92da2e600bb4ffed1780c,
Zombie,Fẹla And Afrika 70,2016-12-16,1977,4,Knitting Factory,14,7jbt2v96glZxyq9yEMXpAV,https://i.scdn.co/image/ab67616d0000b273801e3ecd056ce1af78785124,
Blonde,Frank Ocean,2016-08-20,2016,17,Boys Don't Cry,81,3mH6qwIy9crq0I9YQbOuDf,https://i.scdn.co/image/ab67616d0000b273c5649add07ed3720be9d5526,
A Crow Looked at Me,Mount Eerie,2017-03-24,2017,11,P.W. Elverum & Sun,41,5p64XgvFREt1P6mC7Xl6XN,https://i.scdn.co/image/ab67616d0000b273e9e262c288b2e13e8f81d2ae,
To Be Kind,Swans,2014-05-12,2014,10,Mute,0,1Nt5SpidxOjgIpTrhrfwAF,https://i.scdn.co/image/ab67616d0000b273fc47b6df2fe5e584a79e0ff7,
LONG SEASON,Fishmans,1996-10-25,1996,1,Universal Music LLC,33,4EX1fAypgQC9wDjGI5QzbZ,https://i.scdn.co/image/ab67616d0000b273f9f1de08fccfce6067fbd225,
Illinois,Sufjan Stevens,2005-07-05,2005,22,Asthmatic Kitty,52,7j8lfKDdL7vE8OAM4cA3W3,https://i.scdn.co/image/ab67616d0000b273a7054529bcdd1ea5dcb852bc,
This Is Happening,LCD Soundsystem,2010-05-17,2010,9,Parlophone UK,58,4hnqM0JK4CM1phwfq1Ldyz,https://i.scdn.co/image/ab67616d0000b273ee0d0dce888c6c8a70db6e8b,
Hounds of Love (2018 Remaster),Kate Bush,1985-09-16,1985,12,Rhino,53,3OYnManu1Nlxnw9OMng7BH,https://i.scdn.co/image/ab67616d0000b2735c390e413e27798edd4d18b4,
Unknown Pleasures,Joy Division,1979-06-01,1979,10,WM UK,1,0cbpcdI4UySacPh5RCpDfo,https://i.scdn.co/image/ab67616d0000b2733fb6bc46c932ca1ab168526a,
"For Emma, Forever Ago",Bon Iver,2008-02-19,2008,9,Jagjaguwar,61,4SxFsOO0h4Nz3lFJuysKq5,https://i.scdn.co/image/ab67616d0000b2730b1993db92eecc2dd5021293,
Mount Eerie,The Microphones,2003-01-21,2003,5,P.W. Elverum & Sun,30,5qvuDzzdqHFID4IlUMGZcb,https://i.scdn.co/image/ab67616d0000b273775dffe8ab4dc2955fbb3907,
Hunky Dory (2015 Remaster),David Bowie,1971-12-17,1971,11,Parlophone UK,65,6fQElzBNTiEMGdIeY0hy5l,https://i.scdn.co/image/ab67616d0000b273c657af8d545b4dcf432ace76,
Blackstar,David Bowie,2016-01-08,2016,7,Columbia,52,2w1YJXWMIco6EBf0CovvVN,https://i.scdn.co/image/ab67616d0000b2734ff4ced89fcfe48079c11b37,
Teens of Denial,Car Seat Headrest,2016-05-20,2016,12,Matador,0,26DseQO366JfXwIP7dIgQj,https://i.scdn.co/image/ab67616d0000b2736a4f8f3afa6f0589f0a675db,
Sound of Silver,LCD Soundsystem,2007-03-12,2007,9,Parlophone UK,58,1R8kkopLT4IAxzMMkjic6X,https://i.scdn.co/image/ab67616d0000b273e6272ad26e7a55bc342a6dd0,
loveless,my bloody valentine,1991-11-04,1991,11,Domino Recording Co,56,3USQKOw0se5pBNEndu82Rb,https://i.scdn.co/image/ab67616d0000b273db8e38addb58131f77b48377,
Pure Heroine,Lorde,2013-09-27,2013,10,Universal Music New Zealand Limited,72,0rmhjUgoVa17LZuS8xWQ3v,https://i.scdn.co/image/ab67616d0000b273187331e276c898d39764cc98,
Carrie & Lowell Live,Sufjan Stevens,2017-04-28,2017,16,Asthmatic Kitty,28,4QYo7aIi85tEuEOe0Y2ew0,https://i.scdn.co/image/ab67616d0000b273c1becd46ddb8e7ba4b2a678e,
Carrie & Lowell,Sufjan Stevens,2015-03-31,2015,11,Asthmatic Kitty,58,0U8DeqqKDgIhIiWOdqiQXE,https://i.scdn.co/image/ab67616d0000b2734dfbe36486a0e8655b119660,
Since I Left You,The Avalanches,2000,2000,18,Modular,4,4cSWbSVL31WoIcSBaSqyit,https://i.scdn.co/image/ab67616d0000b27393c10818e418f39e3096b737,
Twin Fantasy (Mirror To Mirror),Car Seat Headrest,2011-11-02,2011,10,Matador,0,36bKz0REYmsJEcVwV3kfpH,https://i.scdn.co/image/ab67616d0000b273a7eff816675cebb05c563f1f,
Worry.,Jeff Rosenstock,2016-10-04,2016,17,SideOneDummy Records,23,6FUGDKM6lSZ7sPCQDURH3n,https://i.scdn.co/image/ab67616d0000b273e8d21d263f08cfa6b091d81b,
The Velvet Underground & Nico 45th Anniversary,The Velvet Underground,1967-03-12,1967,11,Polydor,63,4xwx0x7k6c5VuThz5qVqmV,https://i.scdn.co/image/ab67616d0000b27398260c528e6eec9dd431c1d7,
Abbey Road (Remastered),The Beatles,1969-09-26,1969,17,EMI Catalogue,78,0ETFjACtuP2ADo6LFhL6HN,https://i.scdn.co/image/ab67616d0000b273dc30583ba717007b00cceb25,
MAGDALENE,FKA twigs,2019-11-08,2019,9,Young Turks Recordings,0,2w8Wshbp9RCPJdPU1iOpaY,https://i.scdn.co/image/ab67616d0000b273eae0ec108e9db33c4bcb29d0,
In the Aeroplane Over the Sea,Neutral Milk Hotel,1998-02-20,1998,11,Merge Records,14,5COXoP5kj2DWfCDg0vxi4F,https://i.scdn.co/image/ab67616d0000b273c984eaf4d6a23e0bc64041d6,
6 Feet Beneath the Moon,King Krule,2013-08-24,2013,14,XL,0,6DAL46eCFRxgj624atbOYY,https://i.scdn.co/image/ab67616d0000b273006a67029cdb27f19516ecf3,
To Pimp A Butterfly,Kendrick Lamar,2015-03-16,2015,16,Aftermath,74,7ycBtnsMtyVbbwTfJwRjSP,https://i.scdn.co/image/ab67616d0000b273cdb645498cd3d8a2db4d05e1,
Station to Station (2016 Remaster),David Bowie,1976-01-23,1976,6,Parlophone UK,54,0MWrKayUshRuT8maG4ZAOU,https://i.scdn.co/image/ab67616d0000b2738f3cdfeac0678371b16f601d,
Untrue,Burial,2007-11-05,2007,13,Hyperdub,48,1C30LhZB9I48LdpVCRRYvq,https://i.scdn.co/image/ab67616d0000b273f29bf97f996eb4aab34403c9,
LCD Soundsystem,LCD Soundsystem,2005-01-24,2005,16,Parlophone UK,54,6aSk2vxoY3xtz7cXKuY9EL,https://i.scdn.co/image/ab67616d0000b27375ec666254c50336a378ad01,
Melodrama,Lorde,2017-06-16,2017,11,Universal Music New Zealand Limited,74,2B87zXm9bOWvAJdkJBTpzF,https://i.scdn.co/image/ab67616d0000b273f8553e18a11209d4becd0336,
Go Farther In Lightness,Gang of Youths,2017-08-18,2017,16,Sony Music Entertainment,63,0leVOEw8L2TnAfLGwkFnab,https://i.scdn.co/image/ab67616d0000b273f539f9a64d5603185f70e02b,
OK Computer,Radiohead,1997-05-28,1997,12,XL Recordings,5,7dxKtc08dYeRVHt3p9CZJn,https://i.scdn.co/image/ab67616d0000b273adb1732fa8d44b8eb2f6c0bf,
Beware of the Dogs,Stella Donnelly,2019-03-08,2019,13,Stella Donnelly Music,38,1dECna1r2WizEvoEBuzE7k,https://i.scdn.co/image/ab67616d0000b273a91d0d3a6dde2bedd8ae9aa8,
The Sunset Tree,The Mountain Goats,2005-05-02,2005,13,4AD,0,0Cug9j2T7MHK4k8hUEGQ43,https://i.scdn.co/image/ab67616d0000b273cc03676408b5f18e4526fd02,
Speaking in Tongues (Deluxe Version),Talking Heads,1983-05-31,1983,11,Rhino/Warner Records,63,4sLCQxMRfn3gAHrBNZtbTH,https://i.scdn.co/image/ab67616d0000b273e35e2e2a4bfa8a30a78fc532,
Fear of Music (Deluxe Version),Talking Heads,1979-08-03,1979,15,Rhino/Warner Records,49,5dVZpNJraoqCo3BssinMoo,https://i.scdn.co/image/ab67616d0000b2738365f74aa622b1b86962c8dd,
Mother Earth's Plantasia,Mort Garson,1976,1976,10,Sacred Bones Records,45,4Pj4zPHuEUPtfacdeTlqUG,https://i.scdn.co/image/ab67616d0000b273a941bb5225f09137f035e4f3,
For the first time,"Black Country, New Road",2021-02-05,2021,6,Ninja Tune,49,2PfgptDcfJTFtoZIS3AukX,https://i.scdn.co/image/ab67616d0000b2730ffaa4f75b2297d36ff1e0ad,
Antisocialites,Alvvays,2017-09-08,2017,10,Pod / Inertia,0,7dnJ4C7EYALOVxcGznM8jP,https://i.scdn.co/image/ab67616d0000b273a5d6b44fff32d68442e339d2,
Sgt. Pepper's Lonely Hearts Club Band (Remastered),The Beatles,1967-06-01,1967,13,EMI Catalogue,69,6QaVfG1pHYl1z15ZxkvVDW,https://i.scdn.co/image/ab67616d0000b27334ef8f7d06cf2fc2146f420a,
In The Court Of The Crimson King (Expanded & Remastered Original Album Mix),King Crimson,1969-10-10,1969,8,Discipline Global Mobile,0,5wec5BciMpDMzlEFpYeHse,https://i.scdn.co/image/ab67616d0000b2739f2179592d196f575b7a0ff5,
First Utterance,Comus,1971-01-01,1971,11,Sanctuary Records,28,4q1Xa0nBB10PPeadZCGvW0,https://i.scdn.co/image/ab67616d0000b27318c99c0ffc83ab73d444fede,
The Sound Of White,Missy Higgins,2004-01-01,2004,13,Universal Music Australia Pty. Ltd.,52,5Dd14nVQOJIUg9UgKkVyIQ,https://i.scdn.co/image/ab67616d0000b273d1012e47b1270d2c81e38cf2,
Modern Vampires of the City,Vampire Weekend,2013-05-27,2013,12,XL,1,2Qi2SySN2ePZwMLDSv9Krn,https://i.scdn.co/image/ab67616d0000b27309f8dd8bf944e66b585fe708,
"good kid, m.A.A.d city (Deluxe)",Kendrick Lamar,2012-10-22,2012,17,Aftermath,70,748dZDqSZy6aPXKcI9H80u,https://i.scdn.co/image/ab67616d0000b27378de8b28de36a74afc0348b5,
Let Love In (2011 Remastered Version),Nick Cave & The Bad Seeds,1994-04-18,1994,10,"Mute, a BMG Company",54,0Ewp4PEIzkcAyrC463a5xF,https://i.scdn.co/image/ab67616d0000b273a8092710bb3ac7af94d80bdb,
新しい日の誕生,２８１４,2015-01-21,2015,8,Dream Catalogue,45,01m2bictEiKiVzFjk0h28N,https://i.scdn.co/image/ab67616d0000b2731be92a146cb0b49b0b2222f0,
Chunky Shrapnel,King Gizzard & The Lizard Wizard,2020-04-24,2020,16,Flightless Records,20,5nib1i921sWn4JvVftGbhC,https://i.scdn.co/image/ab67616d0000b273de84e85358312038307acb64,
MTV Unplugged (Live In Melbourne),Gang of Youths,2018-10-26,2018,10,Mosy Recordings,28,49aszEvU8tci6yIzzRhSKp,https://i.scdn.co/image/ab67616d0000b2731156bba115a73bfa921cf6c8,
Rumours,Fleetwood Mac,1977-02-04,1977,11,Rhino/Warner Records,71,1bt6q2SruMsBtcerNVtpZB,https://i.scdn.co/image/ab67616d0000b2730001af4f80be77069fc8fd41,
Twin Fantasy,Car Seat Headrest,2018-02-16,2018,10,Matador,0,20U1UWeGcGq7JVW0tf8yfH,https://i.scdn.co/image/ab67616d0000b273e4221d183898a2c206626b64,
"Whatever People Say I Am, That's What I'm Not",Arctic Monkeys,2006-01-29,2006,13,Domino Recording Co,73,50Zz8CkIhATKUlQMbHO3k1,https://i.scdn.co/image/ab67616d0000b2736b3fa88bdd4af566fbbf2bbf,
Nonagon Infinity,King Gizzard & The Lizard Wizard,2016-04-29,2016,9,FLIGHTLESS,0,73cnMz0ausCw9UJsbrGPWB,https://i.scdn.co/image/ab67616d0000b273571adec04db09743f8adda76,
The Money Store,Death Grips,2012-04-23,2012,13,Epic,59,1PQDjdBpHPikAodJqjzm6a,https://i.scdn.co/image/ab67616d0000b273b4f8459b0f719f8a97ee1c8c,
Skeleton Tree,Nick Cave & The Bad Seeds,2016-09-09,2016,8,Bad Seed Ltd,44,34xaLN7rDecGEK5UGIVbeJ,https://i.scdn.co/image/ab67616d0000b273407445ee5113b7c1b5065514,
Stranger in the Alps,Phoebe Bridgers,2017-09-22,2017,11,Dead Oceans,64,0AkAmg94XyiHODJaiGHh9O,https://i.scdn.co/image/ab67616d0000b273bbc87dd5388d9a98e80650a4,
Pastel Blues,Nina Simone,1965-10-01,1965,9,Verve Reissues,55,31pd81sWDaK2pP3ok5892z,https://i.scdn.co/image/ab67616d0000b273fda3269eebbf31611d10bda6,
Get To Heaven (Deluxe),Everything Everything,2015-06-22,2015,17,RCA Records Label,51,1oScYOf8ImO6L9bdvhep1J,https://i.scdn.co/image/ab67616d0000b273889741e4d5cfc40e4610770c,
Charcoal Lane,Archie Roach,1990,1990,10,WM Australia,31,2cB16btwYMf8hOu2BlFvLl,https://i.scdn.co/image/ab67616d0000b2732373d7fbecc7e72f9b846cbb,
Soundtracks (Remastered),CAN,1970-01-01,1970,7,Mute,37,2B9ioizVW7n33BQYaHJd6A,https://i.scdn.co/image/ab67616d0000b2732646160b22fb2023831ab863,
In A Silent Way,Miles Davis,1969-07-30,1969,2,Columbia/Legacy,33,0Hs3BomCdwIWRhgT57x22T,https://i.scdn.co/image/ab67616d0000b2737a4a3c0b5d38ec756c62d214,
Heaven Or Las Vegas (Remastered),Cocteau Twins,1990-09-17,1990,10,4AD,0,37hHXJ7xas2Nb7Jbi8ip4E,https://i.scdn.co/image/ab67616d0000b273276b940445d7ab5ae6ceba82,
The Positions,Gang of Youths,2014-04-17,2014,10,Sony Music Entertainment,49,22O48ndcQUFyzk7Kpwqw6n,https://i.scdn.co/image/ab67616d0000b273747a37a3af5eb22d6984f7e3,
Born Sandy Devotional,The Triffids,1986-01-01,1986,19,Bloodlines,35,4gkzIn2K8CGNzJGzG0sAsf,https://i.scdn.co/image/ab67616d0000b2736bdf06ed74dcc5f53fb67b89,
Discipline,King Crimson,1981-09-22,1981,10,Discipline Global Mobile,0,2p53eKYYG1kCcjIyjS7pOc,https://i.scdn.co/image/ab67616d0000b273b1505c98238d28728d968511,
Magical Mystery Tour (Remastered),The Beatles,1967-11-27,1967,11,EMI Catalogue,69,2BtE7qm1qzM80p9vLSiXkj,https://i.scdn.co/image/ab67616d0000b273692d9189b2bd75525893f0c1,
Is This It,The Strokes,2001-07-30,2001,11,RCA Records Label,68,2yNaksHgeMQM9Quse463b5,https://i.scdn.co/image/ab67616d0000b273a388a3f20d1bf2123249cc79,
Madvillainy,Madvillain,2004-03-24,2004,22,Stones Throw Records,34,01FCoGEQ3NFWF4fHJzdiax,https://i.scdn.co/image/ab67616d0000b27302abe1eaf9da931f42629b4a,
Currents,Tame Impala,2015-07-17,2015,13,Universal Music Australia Pty. Ltd.,78,79dL7FLiJFOO0EoehUHQBv,https://i.scdn.co/image/ab67616d0000b2739e1cfc756886ac782e363d79,
Recordings Of The Middle East,The Middle East,2009-01-01,2009,5,Universal Music Australia Pty. Ltd.,37,0s8tM3NW7sgDmP6B3Cn6I6,https://i.scdn.co/image/ab67616d0000b2731ce038b4ce882ba84452ed9d,
A Laughing Death in Meatspace,Tropical Fuck Storm,2018-05-04,2018,9,Mistletone / TFS Records,0,1gUUJWp55njMNKe6V3tgR3,https://i.scdn.co/image/ab67616d0000b273c9267acfc4f9a9aa07aee89b,
Power Corruption and Lies,New Order,1983-05-02,1983,8,Rhino,58,6NTrwu1XJ56jBPx7HMksbZ,https://i.scdn.co/image/ab67616d0000b273a0bb93884823982d57cb2004,
Punisher,Phoebe Bridgers,2020-06-18,2020,11,Dead Oceans,66,2xECuqnvvmVktV7UO8Dd3s,https://i.scdn.co/image/ab67616d0000b2733040ca980277cf1445934add,
Crushing,Julia Jacklin,2019-02-22,2019,10,Liberation Records,43,3V1kRHndm0IYXXoDKNg2Nz,https://i.scdn.co/image/ab67616d0000b273aa9c79bd8bb625551db2cdfb,
I'm In Your Mind Fuzz,King Gizzard & The Lizard Wizard,2014-10-31,2014,10,FLIGHTLESS,0,31jHyTSpj8nWQgV45gvZA3,https://i.scdn.co/image/ab67616d0000b273cc6af6507ad880e3844f1b6e,
Songs for a Long Walk,Jack Davies and The Bush Chooks,2020-10-23,2020,6,Jack Davies and The Bush Chooks,25,1na3GvFhaKUGzONZvezUcI,https://i.scdn.co/image/ab67616d0000b273dc71016a1d1a135f65fe35f6,
Let Me Be Clear,Gang of Youths,2016-07-29,2016,6,Mosy Recordings,40,0GzFdmuO7jyvXWA1G9L7tT,https://i.scdn.co/image/ab67616d0000b273c3d7d73d78092ee8a48602b5,
Wait Long By the River and the Bodies of Your Enemies Will Float By,The Drones,2005,2005,9,The Drones,30,42JXQLfhUrmwy5sTDVKtcg,https://i.scdn.co/image/ab67616d0000b2730c0ac79abd346c46c5705f2a,
Lush,Snail Mail,2018-06-08,2018,10,Matador,0,2e48GqjEwCi87gQJanb1bf,https://i.scdn.co/image/ab67616d0000b2733179365772a26544d8be0493,
MTV Unplugged In New York,Nirvana,1994-11-01,1994,14,DGC,73,1To7kv722A8SpZF789MZy7,https://i.scdn.co/image/ab67616d0000b27336c5417732e53e23cb219246,
Wish You Were Here,Pink Floyd,1975-09-12,1975,5,Pink Floyd Records,69,0bCAjiUamIFqKJsekOYuRw,https://i.scdn.co/image/ab67616d0000b273d8fa5ac6259dba33127b398a,
Pet Sounds (50th Anniversary Edition),The Beach Boys,1966-06-16,1966,50,CAPITOL CATALOG MKT (C92),45,42oBdomfxF0DbKKMEqrnQW,https://i.scdn.co/image/ab67616d0000b27365eb1ad8d8a037029ad41e4a,
Heaven To A Tortured Mind,Yves Tumor,2020-04-03,2020,12,Warp Records,57,5wnCTZtzIZxasRSHzI1JeW,https://i.scdn.co/image/ab67616d0000b273043864250fbec5f57c7076a7,
Lonerism,Tame Impala,2012-01-01,2012,12,Modular,70,3C2MFZ2iHotUQOSBzdSvM7,https://i.scdn.co/image/ab67616d0000b273370c12f82872c9cfaee80193,
"""Heroes"" (2017 Remaster)",David Bowie,1977,1977,10,Parlophone UK,64,4I5zzKYd2SKDgZ9DRf5LVk,https://i.scdn.co/image/ab67616d0000b273bc1c63a5b66ab9ac3ea21672,
Cleaning the Dishes,Jack Davies and The Bush Chooks,2019-05-03,2019,6,Jack Davies and The Bush Chooks,32,59GKraFKps7w1V1NCzQLuH,https://i.scdn.co/image/ab67616d0000b273267f67a180af8a16c56cea9d,
The Dark Side of the Moon,Pink Floyd,1973-03-01,1973,10,Pink Floyd Records,72,4LH4d3cOWNNsVw41Gqt2kv,https://i.scdn.co/image/ab67616d0000b273f05e5ac32fdd79d100315a20,
Songs Of Leonard Cohen,Leonard Cohen,1967-12-27,1967,10,Columbia,58,2Aiv0ThDpFa7lqHphR6MN5,https://i.scdn.co/image/ab67616d0000b2730633b57b08b40f3e776e7151,
宇宙 日本 世田谷,Fishmans,1997-07-24,1997,8,Universal Music LLC,38,0hUfv1cSXNaBZ6dHKGluEy,https://i.scdn.co/image/ab67616d0000b273f0848eae2594bbab3c3d4363,
"22, A Million",Bon Iver,2016-09-30,2016,10,Jagjaguwar,54,1PgfRdl3lPyACfUGH4pquG,https://i.scdn.co/image/ab67616d0000b273011bea9a2b6b25b84a1f611c,
untitled unmastered.,Kendrick Lamar,2016-03-04,2016,8,Aftermath,62,0kL3TYRsSXnu0iJvFO3rud,https://i.scdn.co/image/ab67616d0000b2738c697f553a46006a5d8886b2,
The OOZ,King Krule,2017-10-13,2017,19,XL Recordings,0,2Xx8ZUbuoyKnDgHh6Ot4xk,https://i.scdn.co/image/ab67616d0000b27302c79f3d1c61cc837bea3d5e,
Revolver (Remastered),The Beatles,1966-08-05,1966,14,EMI Catalogue,69,3PRoXYsngSwjEQWR5PsHWR,https://i.scdn.co/image/ab67616d0000b27328b8b9b46428896e6491e97a,
Slow Riot for New Zero Kanada,Godspeed You! Black Emperor,1998-01-01,1998,2,kranky,28,2tA6VFMIQuSF3KpXsrulw9,https://i.scdn.co/image/ab67616d0000b2737f29e53fb8365b595fe94042,
Titanic Rising,Weyes Blood,2019-04-05,2019,10,Sub Pop Records,0,53VKICyqCf91sVkTdFrzKX,https://i.scdn.co/image/ab67616d0000b273b0ac3ede8fb336c47d067a43,
Schlagenheim,black midi,2019-06-21,2019,9,Rough Trade,0,14LuwckQuyWIvVlKrYuLzP,https://i.scdn.co/image/ab67616d0000b2737e0f9cd686104c9a8c25428a,
In Colour,Jamie xx,2015-06-01,2015,11,Young Turks Recordings,1,0AVPusXNzK1jWwefBiPJ5I,https://i.scdn.co/image/ab67616d0000b2733ec7a537e47e2c46d154192e,
Any Other City,Life Without Buildings,2000,2000,10,Rough Trade,0,5sFoSDWYc8bFoDQS64BlQs,https://i.scdn.co/image/ab67616d0000b2731ae1b37214927ae3bfb011b3,
Pink Moon,Nick Drake,1972-02-25,1972,11,Universal-Island Records Ltd.,22,7KyvfoQhqlNLPNb98yY0pf,https://i.scdn.co/image/ab67616d0000b2730f2a198651d9c2e4efad9d18,
An Awesome Wave,alt-J,2012-06-08,2012,13,Liberator Music,52,2jpOllbenoI30M30RqR8Gs,https://i.scdn.co/image/ab67616d0000b27304d230edd7ed34776959ec05,
Blonde On Blonde,Bob Dylan,1966-06-20,1966,14,Columbia,55,4NP1rhnsPdYpnyJP0p0k0L,https://i.scdn.co/image/ab67616d0000b27347d1abf4ee582bd7e19d8ac2,
Now Only,Mount Eerie,2018-03-16,2018,6,P.W. Elverum & Sun,23,7aQG6DxwFmUKVhkOJtlCZ1,https://i.scdn.co/image/ab67616d0000b273957a8dfd8be8ec38f0c5e995,
Dummy,Portishead,1994-01-01,1994,11,Polydor Associated Labels,65,3539EbNgIdEDGBKkUf4wno,https://i.scdn.co/image/ab67616d0000b273dc20397b139223620af148f6,
Autobahn (2009 Remaster),Kraftwerk,1974,1974,5,Parlophone UK,36,0DzC0tyowMi2O9QfkDRvfJ,https://i.scdn.co/image/ab67616d0000b273eb48c90e8567494e9cb38133,
Songs Of Love And Hate,Leonard Cohen,1971-03-19,1971,8,Columbia,52,2Om4oR7plGGub1aYe5uB7B,https://i.scdn.co/image/ab67616d0000b2736a0b525ea5e6146f7f33369f,
Bury Me At Makeout Creek,Mitski,2014-11-11,2014,10,Dead Oceans,67,472GvzwE3EZ0i2EEaly5mX,https://i.scdn.co/image/ab67616d0000b27350f8ace2690355fa20e58227,
Back To Black,Amy Winehouse,2006-10-27,2006,11,Universal-Island Records Ltd.,66,097eYvf9NKjFnv4xA9s2oV,https://i.scdn.co/image/ab67616d0000b2738f52f321140e4a76ea720c52,
GREY Area,Little Simz,2019-03-01,2019,10,AGE 101,64,4Wwm4xg2748zhYuzDRFTgY,https://i.scdn.co/image/ab67616d0000b2731c54fc953531d5da04232deb,
Orpheus vs. the Sirens,Hermit and the Recluse,2018-08-18,2018,10,Obol for Charon Records,36,4sVQxRB4q2HYJP79u6XC7F,https://i.scdn.co/image/ab67616d0000b273e367b2e28adc4b0a392511b1,
空中キャンプ,Fishmans,1996-02-01,1996,8,Universal Music LLC,46,7GOdEIOvr41lvxDK7bvPrI,https://i.scdn.co/image/ab67616d0000b2735015ae782258977ea551406a,
LP1,FKA twigs,2014-08-11,2014,10,Young Turks Recordings Ltd,0,4in34qwyUghNc9ykmH2BTO,https://i.scdn.co/image/ab67616d0000b273284fb1537a8eee7bbf9be82d,
Injury Reserve,Injury Reserve,2019-05-17,2019,13,Senaca Village,49,5UWKsRDw3O4BsobmeyRpB9,https://i.scdn.co/image/ab67616d0000b273bbb8e75cc391ddeba931b3eb,
Flume: Deluxe Edition (Spotify Exclusive),Flume,2013-11-08,2013,34,Future Classic,0,7nl8U9s1bNfZpwYFn2wi5M,https://i.scdn.co/image/ab67616d0000b273177d4b5ce3a4e93e271ee308,
A Quality Of Mercy,RVG,2017-10-20,2017,8,Universal Music Australia Pty. Ltd.,19,4a7nQJWeMLboLPubqU2Oor,https://i.scdn.co/image/ab67616d0000b2733cd25e3474195c38e2b050e9,
Low (2017 Remaster),David Bowie,1977,1977,11,Parlophone UK,54,2de6LD7eOW8zrlorbS28na,https://i.scdn.co/image/ab67616d0000b2730385ea9a3db577b51bf90476,
Slowdive,Slowdive,2017-05-05,2017,8,Dead Oceans,50,4nSWX5A4xVomzrOEGDKLQ6,https://i.scdn.co/image/ab67616d0000b2737d08dfce0cb20cf7ed9da031,
Sketches of Brunswick East,King Gizzard & The Lizard Wizard,2017-08-19,2017,13,FLIGHTLESS,0,6YqOFLABMcH2NceoiWQbwM,https://i.scdn.co/image/ab67616d0000b273d48a5ccbb54960b1c1ed0cb9,
The Age of Adz,Sufjan Stevens,2010-10-12,2010,11,Asthmatic Kitty,41,5U7GN7wM8nZKYeeOoYhPjC,https://i.scdn.co/image/ab67616d0000b273c941599f5b74a9c1aad3cd0c,
World Psychedelic Classics 5: Who Is William Onyeabor?,William Onyeabor,2013-10-28,2013,9,Luaka Bop,6,6QttcoRAAKse6CODVuHerf,https://i.scdn.co/image/ab67616d0000b273e743581ebb453fdd32712954,
Expensive Shit,Fela Kuti,1975-01-01,1975,2,Knitting Factory,16,7cny6gLsOEtjbMy3TcHTzD,https://i.scdn.co/image/ab67616d0000b27324c9a1e910972ad23e81049f,
Leak 04-13 (Bait Ones),Jai Paul,2013-04-13,2013,16,XL Recordings,0,6Wsai43KQmmKlN29AWlXFr,https://i.scdn.co/image/ab67616d0000b273875cb424fc82d971ce197ba3,
Puddinghead,Ball Park Music,2014-04-04,2014,11,Stop Start,0,4MF7McyhJT0z7Ce0RuO0Yz,https://i.scdn.co/image/ab67616d0000b273efba594caae3b84325089a60,
Either/Or (Expanded Edition),Elliott Smith,1997-02-25,1997,21,Universal Music Group International,30,3UVJu0QdTJBfGJBl1AMWEM,https://i.scdn.co/image/ab67616d0000b2737ee74c830d57918bb235c7e9,
A Moon Shaped Pool,Radiohead,2016-05-08,2016,11,XL Recordings,0,6vuykQgDLUCiZ7YggIpLM9,https://i.scdn.co/image/ab67616d0000b2730365011d800890bd210dd043,
SATURATION,BROCKHAMPTON,2017-06-09,2017,17,"QUESTION EVERYTHING, INC. / EMPIRE",63,67smHJOf5YlFwad6dAlppm,https://i.scdn.co/image/ab67616d0000b273a0c4a585a7d73b4943b9bf13,
Down to Earth,Flight Facilities,2014-10-24,2014,14,Future Classic,0,3Jcgj3nUTrd6O8grfcJFLE,https://i.scdn.co/image/ab67616d0000b273e0c677c70551f43d51b02b85,
Deluxe,Harmonia,1974,1974,6,Groenland,7,1uzR3P0yN1LFhHgFP635CP,https://i.scdn.co/image/ab67616d0000b27396923b7b693295a095c9a471,
Bluffer's guide to the flight deck,Flotation Toy Warning,2004-08-17,2004,10,Talitres Records,21,7dtI4gOyh3dD8jW6mSLMg7,https://i.scdn.co/image/ab67616d0000b273fedf50b4492ace75c44ec6e1,
Yoshimi Battles the Pink Robots,The Flaming Lips,2002-05-13,2002,11,Warner Records,58,49LA20VMk65fQyEaIzYdvf,https://i.scdn.co/image/ab67616d0000b273ca69f52416a728ebd0b9103c,
You Will Never Know Why,Sweet Trip,2009-09-28,2009,14,Darla,46,78lIjVFQSSRqO47Pvw1b9M,https://i.scdn.co/image/ab67616d0000b273399d18f30888ad38dc053de9,
Another Green World,Brian Eno,1975-09-01,1975,14,EMI Marketing,48,6uoeezh45SYEb8lcT8gDTY,https://i.scdn.co/image/ab67616d0000b27384d9788915697efd5cbf56f4,
OIL OF EVERY PEARL'S UN-INSIDES,SOPHIE,2018-06-15,2018,9,MSMSMSM / Future Classic,52,4z3YbEkKWwiIMSJTWUQbTH,https://i.scdn.co/image/ab67616d0000b273fa3158c935aa3c01865f7150,
We Will Always Love You,The Avalanches,2020-12-11,2020,25,Universal Music Australia Pty. Ltd.,60,755yBlrk0Sz8tIgMMTgyr1,https://i.scdn.co/image/ab67616d0000b273b0b3bd1a5f3967705579e6f1,
Hi This Is Flume (Mixtape),Flume,2019-03-22,2019,17,Future Classic,54,2Vx9FC6Um8i6kEtY7HNswB,https://i.scdn.co/image/ab67616d0000b27359aaefba0f8d74f0054ff1a3,
No More Shall We Part (2011 Remastered Version),Nick Cave & The Bad Seeds,2001,2001,12,"Mute, a BMG Company",43,5JpkwEcDxy92C3e9vSJTVX,https://i.scdn.co/image/ab67616d0000b273f26381cb5d0eb1068f9d44ae,
MM...FOOD,MF DOOM,2004,2004,15,Rhymesayers,0,7IvmRtuLsTlRZhRS6KUQRn,https://i.scdn.co/image/ab67616d0000b27374db4b6928c824b57f7d743b,
channel ORANGE (Explicit Version),Frank Ocean,2012-07-10,2012,17,Red Zone Entertainment / IDJ,71,623Ef2ZEB3Njklix4PC0Rs,https://i.scdn.co/image/ab67616d0000b273f11f1c4ad183b7fa625f8534,
Talking Heads '77 (Deluxe Version),Talking Heads,1977-09-16,1977,16,Rhino/Warner Records,64,5eqcF7pWzHgWpGdEmHgeSN,https://i.scdn.co/image/ab67616d0000b273e71708b667804f6241dd1a59,
FORGET,Xiu Xiu,2017-02-24,2017,10,Polyvinyl Records,29,151CDCqH6rwgFzDsLvKf7g,https://i.scdn.co/image/ab67616d0000b273e71ba06566623b26dd06f3e7,
Tea For The Tillerman (Remastered),Yusuf / Cat Stevens,1970-11-23,1970,11,Universal-Island Records Ltd.,6,25Vt8FvZBx4BsSJWEsF7sJ,https://i.scdn.co/image/ab67616d0000b273409b4acd6ef9f8f05a41466c,
Funeral,Arcade Fire,2004-06-16,2004,10,Sony Music CG,61,6ZB8qaR9JNuS0Q0bG1nbcH,https://i.scdn.co/image/ab67616d0000b2737870762a58313ad6f981d664,
Alvvays,Alvvays,2014-07-22,2014,9,Polyvinyl Records,55,4PrBMzWzzoMOwm55Bfo3dt,https://i.scdn.co/image/ab67616d0000b273ce93b2fc719ae92dacec2b4b,
Descendants of Cain,Ka,2020-05-07,2020,11,Iron Works Records,38,0yhyMBfxKhjy1f7TsXXssl,https://i.scdn.co/image/ab67616d0000b273d403eff090dfe3be01debfc8,
IGOR,"Tyler, The Creator",2019-05-17,2019,12,Columbia,78,5zi7WsKlIiUXv09tbGLKsE,https://i.scdn.co/image/ab67616d0000b2737005885df706891a3c182a57,
Microphones in 2020,The Microphones,,2020,,P.W. Elverum & Sun,,,https://e.snmc.io/i/fullres/w/2a91f1444ba652361e2d58d57c2b33d9/8449827,
AM,Arctic Monkeys,2013-01-01,2013,12,EMI Recorded Music Australia Pty Ltd,62,6645HGh7ZOZSUTpqW9iYLR,https://i.scdn.co/image/ab67616d0000b2730acf7f2eefe5bd36efbc26b4,
Circles,Mac Miller,2020-01-17,2020,12,Warner Records,75,5sY6UIQ32GqwMLAfSNEaXb,https://i.scdn.co/image/ab67616d0000b27326b7dd89810cc1a40ada642c,
Quarters!,King Gizzard & The Lizard Wizard,2015-05-01,2015,5,FLIGHTLESS,0,7b2uVOsklk9cynoiATgm2n,https://i.scdn.co/image/ab67616d0000b273537fc8f226830163d1b2b9be,
Big Fish Theory,Vince Staples,2017-06-23,2017,12,Def Jam Recordings,58,5h3WJG0aZjNOrayFu3MhCS,https://i.scdn.co/image/ab67616d0000b2737ba7b4d23c717f3211717946,
Blue,Joni Mitchell,1971-06-22,1971,10,Rhino,64,1vz94WpXDVYIEGja8cjFNa,https://i.scdn.co/image/ab67616d0000b273e9f77be85457110ebf304da7,
Tasmania,Pond,2019-03-01,2019,10,Virgin Music Label And Artist Services Australia,34,4K7jmZcYAmNlKdIxqKUbH6,https://i.scdn.co/image/ab67616d0000b273497bfb65d87a9f1bb40eb714,
"Hissing Fauna, Are You The Destroyer?",of Montreal,2007-01-23,2007,12,Polyvinyl Records,49,6EHyUWhxAzolO2lQBvuxTH,https://i.scdn.co/image/ab67616d0000b273717eede6d02281524ad2953e,
Atrocity Exhibition,Danny Brown,2016-09-27,2016,15,Warp Records,54,3e7vtKJ3m1zVh38VGq2g3H,https://i.scdn.co/image/ab67616d0000b2733e25c9ef701bb637773531fe,
Marquee Moon,Television,1977-02-08,1977,8,Elektra Records,51,630o1rKTDsLeIPreOY1jqP,https://i.scdn.co/image/ab67616d0000b27318b36d985b0ae01163ca9cf6,
Honor Killed the Samurai,Ka,2016-08-13,2016,10,Iron Works Records,34,7cedsV0ccOZSMS1PUjO2d7,https://i.scdn.co/image/ab67616d0000b273c107e15aeb42b2e3f17da0bf,
Yeezus,Kanye West,2013-06-18,2013,10,Rock The World/IDJ/Kanye/LP6,76,7D2NdGvBHIavgLhmcwhluK,https://i.scdn.co/image/ab67616d0000b2731dacfbc31cc873d132958af9,
Random Access Memories,Daft Punk,2013-05-17,2013,13,Columbia,74,4m2880jivSbbyEGAKfITCa,https://i.scdn.co/image/ab67616d0000b2731d97ca7376f835055f828139,
The Life Of Pablo,Kanye West,2016-06-10,2016,20,Rock The World/IDJ/Kanye LP7,80,7gsWAHLeT0w7es6FofOXk1,https://i.scdn.co/image/ab67616d0000b2732a7db835b912dc5014bd37f4,
Smiling with No Teeth,Genesis Owusu,2021-03-05,2021,15,Ourness,0,1AwxJPvM50yifnRc9wLUlM,https://i.scdn.co/image/ab67616d0000b273e90f44435567779d3108b462,
Bon Iver,Bon Iver,2011-06-21,2011,10,Jagjaguwar,57,1JlvIsP2f6ckoa62aN7kLn,https://i.scdn.co/image/ab67616d0000b273567b0a6defc057bcbfaedadb,
In Rainbows,Radiohead,2007-12-28,2007,10,XL Recordings,2,7eyQXxuf2nGj9d2367Gi5f,https://i.scdn.co/image/ab67616d0000b27334733f87148c2fbe0176abdb,
Wildflower,The Avalanches,2016-07-08,2016,22,Universal Music Australia Pty. Ltd.,54,0j0djiGxLnBiW7meVc2PER,https://i.scdn.co/image/ab67616d0000b27383cd9f1352bc315536480be6,
"I Love You, Honeybear",Father John Misty,2015-02-10,2015,11,Sub Pop Records,0,2A8IKX257C4hJaYUHMhLP7,https://i.scdn.co/image/ab67616d0000b27359a2a00dfa08bb0b2fa692c9,
Pure Comedy,Father John Misty,2017-04-07,2017,13,Sub Pop Records,0,3CoFoDt6zt5EKxmTpOX32b,https://i.scdn.co/image/ab67616d0000b2739d191f625fe52cac86c7cd8d,
We're New Here,Gil Scott-Heron,2011-02-21,2011,13,XL Recordings,0,3tjP8SLyGerhquO9eMOlWy,https://i.scdn.co/image/ab67616d0000b273fc5c8ac78bf92936cc7466b3,
The Queen Is Dead,The Smiths,1986-06-16,1986,10,WM UK,67,5Y0p2XCgRRIjna91aQE8q7,https://i.scdn.co/image/ab67616d0000b273ada101c2e9e97feb8fae37a9,
If You're Feeling Sinister,Belle & Sebastian,1996,1996,10,Jeepster Recordings,0,55U4VVeAp7qCmnj8AnzWAJ,https://i.scdn.co/image/ab67616d0000b27339e5ec9f28674281c474b05c,
Moon Pix,Cat Power,1998-09-22,1998,11,Matador,0,0PBUZ2KHPp5Q9fybGuT2ry,https://i.scdn.co/image/ab67616d0000b273b6194eea144a0de27598bba9,
Ege Bamyasi (Remastered),CAN,1972,1972,7,Mute,0,6Seo9dju2EMVYkUVUDlkXw,https://i.scdn.co/image/ab67616d0000b2730845c97d6d2f56c0a0d4a45e,
Drive It Like It's Stolen,Injury Reserve,2017-10-26,2017,7,Injury Reserve,37,7ipmdpMltN2eD0TAzVb5bb,https://i.scdn.co/image/ab67616d0000b273fd1e152fbd601c494f776bea,
songs,Adrianne Lenker,2020-10-23,2020,11,4AD,0,2WKfCjW3EDmgHswj5eVXuG,https://i.scdn.co/image/ab67616d0000b2731e15b31739403f7bf7db598f,
The Kick Inside (2018 Remaster),Kate Bush,1978-02-17,1978,13,Rhino,38,714xU1smIkRBp7ERAhFRbO,https://i.scdn.co/image/ab67616d0000b2738d6eaed9d898cc7219247dc3,
Built On Glass,Chet Faker,2014-04-11,2014,12,Future Classic,0,2CAPvFwJunN99YvQOJ6CDt,https://i.scdn.co/image/ab67616d0000b273b210f55698ccb77d879e815b,
Wild Is The Wind,Nina Simone,1966-09-16,1966,11,Verve Reissues,50,2EYVXfypcucR62WMKJl6Mr,https://i.scdn.co/image/ab67616d0000b273f94461acebee60775ea22e77,
This Is All Yours,alt-J,2014-09-19,2014,14,Liberator Music,49,1xTtRRvxdf226r9IGfL1Hq,https://i.scdn.co/image/ab67616d0000b273db2d010fec39f80e715d1a85,
The College Dropout,Kanye West,2004-02-10,2004,21,Roc-A-Fella,74,4Uv86qWpGTxf7fU7lG5X6F,https://i.scdn.co/image/ab67616d0000b27325b055377757b3cdd6f26b78,
MTV Unplugged (Live In Melbourne),Courtney Barnett,2019-12-06,2019,8,Milk! Records,9,4iW3dSOyOiI3dVXFwg9q7O,https://i.scdn.co/image/ab67616d0000b27391891e1d92aa919d4e47a733,
Post,Björk,1995-06-13,1995,11,One Little Independent Records,55,3p7WXDBxhC5KS9IFXnwae7,https://i.scdn.co/image/ab67616d0000b2735092260f47e0d95717b834c3,
I Want That You Are Always Happy,The Middle East,2011,2011,14,Universal Music Australia Pty. Ltd.,25,018xe8ShDdyIkcIiHQ7v1L,https://i.scdn.co/image/ab67616d0000b2732c97e6ec8fa0b75bd518cd9f,
KIDS SEE GHOSTS,KIDS SEE GHOSTS,2018-06-08,2018,7,"Getting Out Our Dreams, Inc./Def Jam Recordings",70,6pwuKxMUkNg673KETsXPUV,https://i.scdn.co/image/ab67616d0000b273013c00ee367dd85396f79c82,
"""A Divina Comédia Ou Ando Meio Desligado""",Os Mutantes,1970-01-01,1970,11,Universal Music Ltda.,44,7Brj8kqhEO9Zg4daamMieT,https://i.scdn.co/image/ab67616d0000b2730e25f3e044f691f07b958ddd,
Utopia Defeated,D.D Dumbo,2016-10-07,2016,10,Liberation Records,35,0VJ6uo9BwbbEXNz6W09mR6,https://i.scdn.co/image/ab67616d0000b273f3868a2114fa5c992d10e6f5,
Pieces of a Man,Gil Scott-Heron,1971-01-01,1971,14,Ace Records,55,6gZlPB0fBBD75qUSKSFKs0,https://i.scdn.co/image/ab67616d0000b273b59ff6e6cfd38df73bd1ca10,
Process,Sampha,2017-02-03,2017,10,Young Turks Recordings,0,2gUSWVHCOerKhJHZRwhVtN,https://i.scdn.co/image/ab67616d0000b273002b6e0eb340a91af2230b16,
Paper Mâché Dream Balloon,King Gizzard & The Lizard Wizard,2015-11-13,2015,12,FLIGHTLESS,0,5lyFEkutvdEHgWlwR1NfEG,https://i.scdn.co/image/ab67616d0000b273a92a292df37641703e0eb040,
Dawn,Mount Eerie,2008-11-01,2008,19,P.W. Elverum & Sun,34,7H3p6kGHjmPCpv9CSMQhxQ,https://i.scdn.co/image/ab67616d0000b273b06101fce8315a1ac46105d3,
Green,Hiroshi Yoshimura,2020-03-19,1986,8,Light In The Attic,22,6MxkeFgSxYVHrUgwTzOQq4,https://i.scdn.co/image/ab67616d0000b273f72e27ccf61ff3f222357a5d,
Ladies and Gentlemen We Are Floating in Space,Spiritualized,1997-06-16,1997,12,Fat Possum,21,5adCzWSYrRRUZqKSr9yu3o,https://i.scdn.co/image/ab67616d0000b2738d33c7d7edd50acf8a70e34c,
Man On The Moon: The End Of Day (Int'l Version),Kid Cudi,2009-01-01,2009,16,Kid Cudi/Universal Records,70,6oPPKtAwNNlkW4wwHfQDfM,https://i.scdn.co/image/ab67616d0000b273713f297a7bdc1d48971062b2,
About Face,#1 Dads,2014-08-08,2014,9,Pieater,0,6mnMmgISatmEUV9WbCCY9o,https://i.scdn.co/image/ab67616d0000b2732a7ad55e50dd734d1f600d16,
Polygondwanaland,King Gizzard & The Lizard Wizard,2017-11-18,2017,10,FLIGHTLESS,0,74xXPirhEWK7ygl1T4TwZO,https://i.scdn.co/image/ab67616d0000b2734345f89a5a63ee6808d44550,
TA13OO,Denzel Curry,2018-07-27,2018,13,Concord Loma Vista,64,6idVoBWP2mt1qoMtASm3gc,https://i.scdn.co/image/ab67616d0000b2737d05dd3ebb77cc048d66b294,
Live from the Dentist Office,Injury Reserve,2015-08-30,2015,11,Injury Reserve,42,4SCGBO6mCW5KJvprGPOeKx,https://i.scdn.co/image/ab67616d0000b27315c3c672558092e9776c391d,
Aladdin Sane (2013 Remaster),David Bowie,1973-04-13,1973,10,Parlophone UK,54,3HZKOk1knxrUU3y5ZIOdbz,https://i.scdn.co/image/ab67616d0000b2735db6dbaca8678527e643a866,
Q: Are We Not Men? A: We Are Devo! [Deluxe Remastered Edition],DEVO,1978,1978,22,Warner Records,29,7pYTThpyBynPIpn6LwJpod,https://i.scdn.co/image/ab67616d0000b273d6f682268c225b458805057a,
Skin,Flume,2016-05-27,2016,16,Future Classic,0,2lBRNqB9iOJZFNu1JOSUBW,https://i.scdn.co/image/ab67616d0000b273bbcee7c6bb62b2ebcf3ef33c,
Islands part 1,No Mono,2018-05-04,2018,9,Pieater,0,0P3aFva4ogJIgU5b8dIfgk,https://i.scdn.co/image/ab67616d0000b27344629d69f22ddb0cac7ab523,
Forever Dolphin Love,Connan Mockasin,2011,2011,10,WM Australia,23,2kblSVh1X2pj49XT8AwaSY,https://i.scdn.co/image/ab67616d0000b27380bb2b66c908cc8d208abc2a,
Braindrops,Tropical Fuck Storm,2019-08-23,2019,9,FLIGHTLESS,0,0tfPlqlOEAFJMMPE90kDH0,https://i.scdn.co/image/ab67616d0000b273e04f6d22ccb5cbbf16462e79,
Straight Outta Compton,N.W.A.,1988-08-08,1988,13,Priority Records,67,0Y7qkJVZ06tS2GUCDptzyW,https://i.scdn.co/image/ab67616d0000b273c79a70e8167cc1a4fab83781,
Those Who Throw Objects at the Crocodiles Will Be Asked to Retrieve Them,Bruno Pernadas,2016-09-23,2016,10,Pataca Discos,40,2NYnAb4TkXGHrY8wZ9uZwT,https://i.scdn.co/image/ab67616d0000b2734c73ab17499ac768a8a0952f,
Helplessness Blues,Fleet Foxes,2011-05-03,2011,12,Sub Pop Records,0,7LKzVm90JnhNMPF6qX21fS,https://i.scdn.co/image/ab67616d0000b2733dca8b5cb35c280ca191c28f,
The Velvet Underground (45th Anniversary),The Velvet Underground,1969,1969,10,Polydor,59,2HOf3Nb44Us8U9oEtKLSrX,https://i.scdn.co/image/ab67616d0000b2739a2c40b6a1af4a92aac991c5,
Everything is Possible World Psychedelic Classics 1,Os Mutantes,1999-01-01,1999,14,Luaka Bop,0,1MmPGM67VUY7CrPMYFu24K,https://i.scdn.co/image/ab67616d0000b2730b067a6b3ab5026b06ccb85f,
Fetch The Bolt Cutters,Fiona Apple,2020-04-17,2020,13,Epic,56,0fO1KemWL2uCCQmM22iKlj,https://i.scdn.co/image/ab67616d0000b273841292c1316c4bf85447bcd9,
808s & Heartbreak,Kanye West,2008-11-24,2008,12,Roc-A-Fella,74,3WFTGIO6E3Xh4paEOBY9OU,https://i.scdn.co/image/ab67616d0000b273346d77e155d854735410ed18,
0,Ichiko Aoba,2013-10-23,2013,8,Speedstar,44,4yqm0ZLcphXs8M8cVvLKym,https://i.scdn.co/image/ab67616d0000b273d79390609d8815d0400fec97,
London Calling (Remastered),The Clash,1979,1979,19,Sony Music UK,66,6FCzvataOZh68j8OKzOt9a,https://i.scdn.co/image/ab67616d0000b273cd9d8bc9ef04014b6e90e182,
Run The Jewels 2,Run The Jewels,2014-10-24,2014,12,"Run the Jewels, Inc under exclusive license to Mass Appeal",54,4Loc7NtCAo9mypHO6kbviD,https://i.scdn.co/image/ab67616d0000b273e3a92b59ca220e9d14ccab60,
Wide Awake!,Parquet Courts,2018-05-18,2018,13,Rough Trade,0,5uTI2HcpAywDP8Vo1DpJta,https://i.scdn.co/image/ab67616d0000b2731317be574cc7f4cad6eb4f27,
The Perfect Prescription,Spacemen 3,,1987,,Glass,,,https://e.snmc.io/i/fullres/w/21af1a0b9cce1179443bd4559ead6385/1448700,
Lanquidity,Sun Ra,1978,1978,5,Philly Jazz,0,4UoSzYIJjNTHgq5gMd84Gw,https://i.scdn.co/image/ab67616d0000b27398dd88315c87fe4a1cfc37b7,
Floss,Injury Reserve,2016-12-15,2016,12,Injury Reserve,47,67sUOjUevVJGgfCj1N2e4N,https://i.scdn.co/image/ab67616d0000b2735e66961c0acc955347d076bb,
Museum,Ball Park Music,2012-10-05,2012,12,Stop Start,0,1rU95LHWMV7WjcZw25l2p9,https://i.scdn.co/image/ab67616d0000b273876d27c2d2f23099b055fe49,
Afterlife,NO ZU,2016-02-05,2016,8,Chapter Music,9,0HlyYSAFmch9YwiE0JbURW,https://i.scdn.co/image/ab67616d0000b273df9efd99764fd607735d9f9e,
Flower Boy,"Tyler, The Creator",2017-07-21,2017,14,Columbia,77,2nkto6YNI4rUYTLqEwWJ3o,https://i.scdn.co/image/ab67616d0000b2738940ac99f49e44f59e6f7fb3,
Don’t Say That,Superfood,2014-10-31,2014,13,Liberator Music,0,4ganT6z0WIAgEHyMSPKUGx,https://i.scdn.co/image/ab67616d0000b273e3680b4a2cf38eea58640928,
Music for 18 Musicians,Steve Reich,1998,1998,14,Nonesuch,34,1w9O7mS9WEp5xlZUpYbDt9,https://i.scdn.co/image/ab67616d0000b273cc186669d80a223438a9716a,
Thriller,Michael Jackson,1982-11-30,1982,9,Epic,63,2ANVost0y2y52ema1E9xAZ,https://i.scdn.co/image/ab67616d0000b273de437d960dda1ac0a3586d97,
Screamadelica,Primal Scream,1991-09-23,1991,11,Creation Records,56,5PORx6PL7CdOywSJuGVrnc,https://i.scdn.co/image/ab67616d0000b27339180b45808493a1f687c91d,
New Mexico,Oppenheimer Analysis,2010-09-22,1982,12,Minimal Wave,34,2EFRdrrqXcPov6Ok6y2kvF,https://i.scdn.co/image/ab67616d0000b27366905c088b1c8896399a9875,
Odessey and Oracle,The Zombies,1968-04-19,1968,12,Marquis Enterprises Ltd,60,7K6JtyaSSVr7HidQsCHun0,https://i.scdn.co/image/ab67616d0000b2736de69821e8460a9d689e20ba,
1990,Daniel Johnston,1990-01-01,1990,12,Eternal Yip Eye Music,0,7h4VPRS9s2IXwcLkeSekEb,https://i.scdn.co/image/ab67616d0000b2735023ebb5ac44b42d327ee5b6,
End Tomorrow,Kraus,2016-09-09,2016,12,Terrible Records,13,2XNcMQP1hpV7PuVq0LsNR4,https://i.scdn.co/image/ab67616d0000b273d9e1d374814bc25654aff6e2,
Nevermind (Remastered),Nirvana,1991-09-26,1991,13,Geffen,60,2UJcKiJxNryhL050F5Z1Fk,https://i.scdn.co/image/ab67616d0000b273fbc71c99f9c1296c56dd51b6,
45:33,LCD Soundsystem,2007-11-12,2007,4,Parlophone UK,25,0Tw4IEPDfOj7cLefk75Qft,https://i.scdn.co/image/ab67616d0000b2739d7f1963c45b177c8068ea28,
More Songs About Buildings and Food (Deluxe Version),Talking Heads,1978-07-14,1978,15,Rhino/Warner Records,51,01RJdKvXyz515O37itqMIJ,https://i.scdn.co/image/ab67616d0000b273b7307213fae24e3fbcbe46aa,
The Head On The Door (Remastered),The Cure,1985-08-26,1985,10,UMC (Universal Music Catalogue),58,1keBgl5vblFhSc3nMZxPXG,https://i.scdn.co/image/ab67616d0000b27326590dee77103a16e935eadc,
Remind Me Tomorrow,Sharon Van Etten,2019-01-18,2019,10,Jagjaguwar,52,2dvXk4nacVRmDSnbKniwrS,https://i.scdn.co/image/ab67616d0000b273eaf51925f9dde8f871647b24,
"Sometimes I Sit And Think, And Sometimes I Just Sit",Courtney Barnett,2015-03-20,2015,11,Milk! Records,27,5FpTrIArvT20xUSpGRXGLY,https://i.scdn.co/image/ab67616d0000b2739b1d779c0e1e90dbff8af246,
"It Was Hot, We Stayed in the Water",The Microphones,2000,2000,11,P.W. Elverum & Sun,33,5jPQa1BcteUZm0h0pxuEDg,https://i.scdn.co/image/ab67616d0000b273ecbfe7b3bd8ae358259e2291,
Flying Microtonal Banana,King Gizzard & The Lizard Wizard,2017-02-24,2017,9,FLIGHTLESS,0,4VgiURFXN6UsS6AshIsnmu,https://i.scdn.co/image/ab67616d0000b27310e048acdd58f1c332ba6dad,
Colour Green,Sibylle Baier,2006-01-01,2006,14,Orange Twin,50,1lf3rLmrO0ObMieg4YqEuB,https://i.scdn.co/image/ab67616d0000b27300b9e955d2b2a0be08152a8c,
Honey Bones,DOPE LEMON,2016-06-10,2016,10,EMI Recorded Music Australia Pty Ltd,0,1KowQyQwYDjQmh3Tt1hGxX,https://i.scdn.co/image/ab67616d0000b2737b6ed4b43b8813c5237fa561,
Rubber Soul (Remastered),The Beatles,1965-12-03,1965,14,EMI Catalogue,71,50o7kf2wLwVmOTVYJOTplm,https://i.scdn.co/image/ab67616d0000b273ed801e58a9ababdea6ac7ce4,
So Tonight That I Might See,Mazzy Star,1993-10-05,1993,10,Capitol Records,65,5K18gTgac0q6Jma5HkV1vA,https://i.scdn.co/image/ab67616d0000b27389a392107ebd79818022b3ea,
american dream,LCD Soundsystem,2017-09-01,2017,10,DFA Records/Columbia,54,4AF1M7bGCFL3LHCtXUUXw5,https://i.scdn.co/image/ab67616d0000b273945696d01c650eeade335ac9,
I Need to Start a Garden,Haley Heynderickx,2018-03-02,2018,8,Mama Bird Recording Co.,57,4I8BEAiq1kPqRRlvWLTo5B,https://i.scdn.co/image/ab67616d0000b2732590c2d33bd70c8bf059591b,
White Light from the Mouth of Infinity,Swans,1991,1991,13,Mute,0,5sZc6Cya4QYkMLajvoj5Ts,https://i.scdn.co/image/ab67616d0000b27327ef0af660ffc9f8e33e563a,
Float Along - Fill Your Lungs,King Gizzard & The Lizard Wizard,2013-09-27,2013,8,FLIGHTLESS,0,2ejooTHUieuzc8Lh9IfTTG,https://i.scdn.co/image/ab67616d0000b27300a943cf9889b021d828baea,
OZ,Missy Higgins,2014-01-01,2014,15,Eleven,30,3sAtMFmvi1fN8KhyPiLWVO,https://i.scdn.co/image/ab67616d0000b273bda027f93d8096d68e523815,
Learn to Exist,The Jungle Giants,2013-08-30,2013,12,Amplifire Music,52,3DWhWfiW17a3UbKhdGCyyt,https://i.scdn.co/image/ab67616d0000b273fd56ecef01434f6361741aac,
Endtroducing.....,DJ Shadow,1996-09-16,1996,16,UMC (Universal Music Catalogue),53,4wvqGLk1HThPA0b5lzRK2l,https://i.scdn.co/image/ab67616d0000b2738ce8e9530b875fb9d01a11d8,
Happiness And Surrounding Suburbs,Ball Park Music,2011-09-09,2011,11,Stop Start,0,6lrzcdtGyxXp6eyTA4EOmO,https://i.scdn.co/image/ab67616d0000b27315367f5a1f595a18f1d20712,
Transformer,Lou Reed,1972-12-01,1972,11,RCA/Legacy,67,5SqbMEyAt8332ISGiLX0St,https://i.scdn.co/image/ab67616d0000b273d55149748dca0e5a1f40778e,
Kid A,Radiohead,2000-10-01,2000,11,XL Recordings,1,19RUXBFyM4PpmrLRdtqWbp,https://i.scdn.co/image/ab67616d0000b273c174bffb607ee576329291a6,
Father of the Bride,Vampire Weekend,2019-05-03,2019,18,Columbia,63,1A3nVEWRJ8yvlPzawHI1pQ,https://i.scdn.co/image/ab67616d0000b273a2b1d3e73c66663c01351bcf,
1000 gecs,100 gecs,2019-05-31,2019,10,Dog Show Records,64,2uhB1KivbFnlkARpbd0Cvu,https://i.scdn.co/image/ab67616d0000b2734123c0f9b6689205d20f350f,
At Folsom Prison,Johnny Cash,1968-05-01,1968,16,Columbia/Legacy,61,4TJIdlY9hGSSTO1kUs1neh,https://i.scdn.co/image/ab67616d0000b2734a04593b7c149dc7b725683e,
Mambo Nassau Remastered,Lizzy Mercier Descloux,2016-10-04,1981,16,ZE Records,12,12n6FzrD6KIaNUZlNc2bmo,https://i.scdn.co/image/ab67616d0000b2739f5f0e6c6492850ef7095d87,
The Idiot,Iggy Pop,1977-03-18,1977,8,Virgin Records,45,78UazygH85UAB0qXqQpzg6,https://i.scdn.co/image/ab67616d0000b2732023cfc4febdbe8213a41f8a,
Habit,Snail Mail,2016,2016,7,Matador,0,1EjRNhbVxDEPXDwKmusDyj,https://i.scdn.co/image/ab67616d0000b273ffd6b95ec7e8398d83a65235,
Teens of Style,Car Seat Headrest,2015-10-30,2015,11,Matador,0,7rLKqTe3QFYhbKWOYSzeci,https://i.scdn.co/image/ab67616d0000b2736f053f270098b9a5cf9f14de,
Animal,Big Scary,2016-09-02,2016,13,Pieater,0,6C1V5WGnR4B1YS2mAfJmDP,https://i.scdn.co/image/ab67616d0000b2733f59041035e4aecd5c8d7822,
Section.80,Kendrick Lamar,2011-07-02,2011,15,Top Dawg Entertainment / Section.80,68,1bkN9nIkkCnXeG4yitVS1J,https://i.scdn.co/image/ab67616d0000b273eddb2639b74ac6c202032ebe,
Bottomless Pit,Death Grips,2016-05-06,2016,13,Death Grips,50,4dIPUQHheyH9e6ioplvNT2,https://i.scdn.co/image/ab67616d0000b273a154492c2d4d630f1eae8a3a,
Brood,My Friend The Chocolate Cake,1994-01-01,1994,18,Bloodlines,20,0fdMz6twScuw6rYspNwIaM,https://i.scdn.co/image/ab67616d0000b273800f48432c9efbf538cf31f3,
Come Play the Trees,Snapped Ankles,2017-09-29,2017,9,The Leaf Label,29,4uuyKzlL1Ma3DZRb2WrgT9,https://i.scdn.co/image/ab67616d0000b273f54f8452dba1fc7cacb8295d,
The Return,Sampa the Great,2019-09-13,2019,19,Ninja Tune,46,1HxsSJHTqeUxDoKN26h8pB,https://i.scdn.co/image/ab67616d0000b27355179ddb49feab5af9cf1870,
Discovery,Daft Punk,2001-03-12,2001,14,Daft Life Ltd./ADA France,74,2noRn2Aes5aoNVsU6iWThc,https://i.scdn.co/image/ab67616d0000b273b33d46dfa2635a47eebf63b2,
Settle (Deluxe Version),Disclosure,2013-06-03,2013,18,Universal-Island Records Ltd.,59,0v5BqH7RQlIuJIWfQCl1Bp,https://i.scdn.co/image/ab67616d0000b273d3462d1395189dc76a326031,
Norman Fucking Rockwell!,Lana Del Rey,2019-08-30,2019,14,Polydor Records,76,5XpEKORZ4y6OrCZSKsi46A,https://i.scdn.co/image/ab67616d0000b273879e9318cb9f4e05ee552ac9,
Parcels,Parcels,2018-10-12,2018,12,Kitsuné Musique,58,6tNAnVG8xrmMbINuWutrNy,https://i.scdn.co/image/ab67616d0000b273d26bc8655d6132c9e243f82e,
Like Drawing Blood,Gotye,2006-05-21,2006,11,Gotye,36,7IMJkt2cilySuhCrU79cDm,https://i.scdn.co/image/ab67616d0000b27304a30f1e2308015e73369279,
Hi How Are You,Daniel Johnston,1983-09-01,1983,15,Eternal Yip Eye Music,0,3sngMoqBBeMFXHEJ5h2wJj,https://i.scdn.co/image/ab67616d0000b273bdd73d6166784e5898879090,
Kimono My House,Sparks,1974-05,1974,12,Universal-Island Records Ltd.,1,4jwO7dt0trrGu0ozSVNRgo,https://i.scdn.co/image/ab67616d0000b2736d15484b495fd8506a7a69ad,
Soft Sounds from Another Planet,Japanese Breakfast,2017-07-14,2017,12,Dead Oceans,49,6AOaqWipm2Zk0oBp0uUey2,https://i.scdn.co/image/ab67616d0000b27397e74e852b3ccf09aebc917c,
Exmilitary,Death Grips,2011,2011,,Third Worlds,,,https://e.snmc.io/i/fullres/w/261b220ac09be6686d078e5f7e1a27b1/7024368,
Just For A Day,Slowdive,1991,1991,21,Sony Music UK,47,7761KE2C9rH1QO9WAE1Ysb,https://i.scdn.co/image/ab67616d0000b2732dd4e9cdd4ecf1e9c691bdf4,
My Head Is An Animal,Of Monsters and Men,2012-01-01,2012,12,Universal Records,73,4p9dVvZDaZliSjTCbFRhJy,https://i.scdn.co/image/ab67616d0000b273cb3f67e8026e2e493a1e8262,
DAYTONA,Pusha T,2018-05-25,2018,7,"Getting Out Our Dreams, Inc./Def Jam Recordings",60,07bIdDDe3I3hhWpxU6tuBp,https://i.scdn.co/image/ab67616d0000b273263555eebbe2b375593aa31e,
U.F.O.F.,Big Thief,2019-05-03,2019,12,4AD,0,5X0bIKvPtSDo4NpXqgrB6p,https://i.scdn.co/image/ab67616d0000b273e6494773809cc4966ed3e531,
Nothing Great About Britain,slowthai,2019-05-17,2019,17,Method,3,5Ki4YFQrUx7hCcQx1LJUQb,https://i.scdn.co/image/ab67616d0000b2738fdd144d8a8e57db60c5c29d,
Quiet Ferocity,The Jungle Giants,2017-07-07,2017,10,Amplifire Music,58,0RSKnjggldZx2NrKSOD913,https://i.scdn.co/image/ab67616d0000b273c6f12950c0baa55f7133b6ed,
SATURATION III,BROCKHAMPTON,2017-12-15,2017,15,"QUESTION EVERYTHING, INC. / EMPIRE",65,5c2AzoNyr46fCQM5d8mxE0,https://i.scdn.co/image/ab67616d0000b273ef51817e6a6563b6f7ce5872,
Selected Ambient Works 85-92,Aphex Twin,1992-02-10,1992,13,R&S Records,58,7aNclGRxTysfh6z0d8671k,https://i.scdn.co/image/ab67616d0000b27338906032688bb13b135ce19a,
CLPPNG,clipping.,2014-06-10,2014,14,Sub Pop Records,0,0nzammMx8yd48selZLWfUx,https://i.scdn.co/image/ab67616d0000b2738e6a79a553c0b594511bf350,
how i'm feeling now,Charli XCX,2020-05-15,2020,11,Atlantic Records UK,59,3a9qH2VEsSiOZvMrjaS0Nu,https://i.scdn.co/image/ab67616d0000b273664e38c99d077cc52ab48914,
Bonito Generation,Kero Kero Bonito,2016-10-21,2016,12,Kero Kero Bonito,47,0dAMC0nNikIjhD8LeRZfhH,https://i.scdn.co/image/ab67616d0000b273bf19a12e8dfa81267db54be9,
It's Personal,FERLA,2019-04-09,2019,10,Independent,4,0uqGOjrm88tDjl9p37VcgJ,https://i.scdn.co/image/ab67616d0000b2731a71dfaaa305a860ea8ba5e8,
We got it from Here... Thank You 4 Your service,A Tribe Called Quest,2016-11-11,2016,16,Epic,54,3WvQpufOsPzkZvcSuynCf3,https://i.scdn.co/image/ab67616d0000b27389450c8e877bf04203b86819,
Visions,Grimes,2012-03-12,2012,13,4AD,0,2jXthXcPiAdhatxYPv4yPk,https://i.scdn.co/image/ab67616d0000b273908004506e3dbeb25e714b70,
Cigarettes After Sex,Cigarettes After Sex,2017-06-09,2017,10,Pod / Inertia under exclusive licence from Partisan Records,0,1bUuI29ZOu2QsU9kzM9Cvw,https://i.scdn.co/image/ab67616d0000b273e129e6c9aad5614407556bd4,
Phantastic Ferniture,Phantastic Ferniture,2018-07-27,2018,9,Virgin Music Label And Artist Services Australia,37,1C5q6RB5oRe3LN6g75NCcP,https://i.scdn.co/image/ab67616d0000b2733870e5412bfcb9238891c49b,
Feral,RVG,2020-04-24,2020,10,Universal Music Australia Pty. Ltd.,21,3CG7xLmHCRCpwpkM8Z57DV,https://i.scdn.co/image/ab67616d0000b273ddf4c85910eeb9ee4eae7220,
Arc (Deluxe),Everything Everything,2013-01-14,2013,19,RCA Records Label,41,54rCSZQzGYQtllqSdIJ1M7,https://i.scdn.co/image/ab67616d0000b273707e48118c7f47859fc8cc14,
Forever Changes (2015 Remaster),Love,1967,1967,11,Rhino/Elektra,52,2amHBpP8C0EUy6yBNy6nN6,https://i.scdn.co/image/ab67616d0000b273bb01f0ca02c204d13933ca06,
The Weather,Pond,2017-05-05,2017,11,EMI Recorded Music Australia Pty Ltd,52,2SHfOtnJrQc1piY2KyMOIF,https://i.scdn.co/image/ab67616d0000b273171bd0187368a4789437067e,
From Here To Eternity,Giorgio Moroder,1977-01-01,1977,8,Hip-O Select,25,5YMhaVdRj9hSEpiIvdvlmY,https://i.scdn.co/image/ab67616d0000b2735f87dd12560e9bb16eaa9948,
Vulture Street,Powderfinger,2003-01-01,2003,11,Universal Music Australia Pty. Ltd.,54,11lnp34TFhwc0274mF7YaZ,https://i.scdn.co/image/ab67616d0000b27378a33e0640c1cb770ea9e4f4,
Feeler,Pete Murray,2003,2003,11,Columbia,46,7uUJwUIsG45lgYtNjqqZch,https://i.scdn.co/image/ab67616d0000b273ac90b58f944cded66f36cb55,
I See Seaweed,The Drones,2013-02-01,2013,8,The Drones,21,41uUEhLnPAriHE4jZalkEq,https://i.scdn.co/image/ab67616d0000b2739d96dfc9b863b2e73f2aa50e,
Man Alive!,King Krule,2020-02-21,2020,14,XL Recordings,0,45aznJm3etg3c6dMRmYARJ,https://i.scdn.co/image/ab67616d0000b273be61bae68acce1a240f29c83,
Every Night the Same Dream,Ball Park Music,2016-08-19,2016,10,Stop Start,0,2nEOSovNlxwZL1msrWgqLA,https://i.scdn.co/image/ab67616d0000b273c0ddb009e81424fe7420c7b1,
Lockjaw,Flume,2013-11-22,2013,3,Future Classic,0,3iiYLxi349roViLyQJcCh3,https://i.scdn.co/image/ab67616d0000b273ef1741f012d1f7643cb0ad39,
Merriweather Post Pavilion,Animal Collective,2009-01-10,2009,11,Domino Recording Co,44,6BRq5g6CWiFgN3NrjLGAYq,https://i.scdn.co/image/ab67616d0000b273a7f85f2df08fbeb6dac5677c,
Bloom,RÜFÜS DU SOL,2016-01-22,2016,11,Sweat It Out,62,4EAehCii5lZgeewct1LA5p,https://i.scdn.co/image/ab67616d0000b273fde1c71a5bb93d5c9b4bd85a,
Little Dark Age,MGMT,2018-02-09,2018,10,Columbia,72,7GjVWG39IOj4viyWplJV4H,https://i.scdn.co/image/ab67616d0000b273b47d309281c66820b7137f5d,
Blue Planet Eyes,The Preatures,2014-01-01,2014,10,Universal Music Australia Pty. Ltd.,48,3JxzIkZt1ttKx2Xr0J0w7l,https://i.scdn.co/image/ab67616d0000b2730ca633ca3df5f8442ef17577,
InnerSpeaker,Tame Impala,2010-05-21,2010,11,Universal Music Australia Pty. Ltd.,55,1DNSmmRLfv97Yjq7MTFWng,https://i.scdn.co/image/ab67616d0000b273176e82d09ac75d62810f0056,
Dipz Zebazios,The Delta Riggs,2014-10-09,2014,11,The Delta Riggs / Inertia Music,0,0Df4lTvS3n0ZROOieiGTlm,https://i.scdn.co/image/ab67616d0000b27392051f4ece7c12ed01bd2e3d,
Royal Blood,Royal Blood,2014-08-22,2014,10,Warner Records,64,0BFzNaeaNv4mahOzwZFGHK,https://i.scdn.co/image/ab67616d0000b27369471a9c0a6073a9beb81410,
Windswept Adan,Ichiko Aoba,2020-12-02,2020,14,hermine,44,1W0SccGphtGQNYqaqQ5nhA,https://i.scdn.co/image/ab67616d0000b2732a98379b6053e71d97449af8,
Vergangenheitsbewältigung (Crater Speak),Slauson Malone,2020-09-16,2020,9,Grand Closing,34,17uupRHl1nhYZLoEiEKXqD,https://i.scdn.co/image/ab67616d0000b2734060d907950483fb048055aa,
Murder of the Universe,King Gizzard & The Lizard Wizard,2017-06-23,2017,21,FLIGHTLESS,0,7JfNsFxp2BfJNmgxxkiRoJ,https://i.scdn.co/image/ab67616d0000b273bb675885fb401b5158a9e13e,
Hospice,The Antlers,2009-10-26,2009,10,Frenchkiss,0,2eMsFuYL5Aw2DPWMgs1HEh,https://i.scdn.co/image/ab67616d0000b273a728eb6b22303470fc438480,
Thinking In Textures,Chet Faker,2012-03-23,2012,7,Opulent,52,1UW1oXBj1mbUOjenKc9o6z,https://i.scdn.co/image/ab67616d0000b273f6bdf2250d0637d8e8d12935,
Sensual Being,Archie Roach,2002,2002,12,WM Australia,11,3tiwyIRPdKD97sW4xkVuKc,https://i.scdn.co/image/ab67616d0000b273b21bdf3e8af61771e8e3cc5c,
The Man-Machine (2009 Remaster),Kraftwerk,1978,1978,6,Parlophone UK,52,3eyz60xEK5dGEeZF1JJSi9,https://i.scdn.co/image/ab67616d0000b273e4c3295cd6464ed5bc0f6c2c,
The Impossible Kid,Aesop Rock,2016-04-29,2016,15,Rhymesayers,0,1An1m0S3ZdQy9Uuo476D12,https://i.scdn.co/image/ab67616d0000b27312c37515c0677721b572d7ce,
This Is Our Vice,Cub Sport,2016-03-04,2016,13,CS/R,44,1Sx23MziCsG194ibSs4Syb,https://i.scdn.co/image/ab67616d0000b2732ebf5805cd051de8300a2306,
"""Awaken, My Love!""",Childish Gambino,2016-12-02,2016,11,Liberator Music,0,5F6urHPW92kWUoywW7ZhwF,https://i.scdn.co/image/ab67616d0000b2731cdfb208336628f022ba7d96,
Hungry Ghost,Violent Soho,2013-09-06,2013,11,I OH YOU,48,7MGL9NDDFd6JdFUAcJ0GbZ,https://i.scdn.co/image/ab67616d0000b273b8035384accdbbc3a912a88e,
Music For Visual Disorders,Tomaga,2018-04-23,2018,9,Meakusma,6,1aB4aYn2yxgOCUpFY0a3Sx,https://i.scdn.co/image/ab67616d0000b273a1b91c2c0adf948fbf67a1ba,
"thank u, next",Ariana Grande,2019-02-08,2019,12,Republic Records,83,2fYhqwDWXjbpjaIJPEfKFw,https://i.scdn.co/image/ab67616d0000b27356ac7b86e090f307e218e9c8,
U-Bahn,U-Bahn,2019-02-22,2019,11,Independent,5,3ij6i121q1jJX1YAeVtMci,https://i.scdn.co/image/ab67616d0000b2738adb15a6ef6471e0aacc5aad,
Oddments,King Gizzard & The Lizard Wizard,2014-03-07,2014,12,FLIGHTLESS,0,2DKCPWXAyXPq2dr1ZahO9p,https://i.scdn.co/image/ab67616d0000b2737dc0046c5e581f603598977b,
"Kankyō Ongaku: Japanese Ambient, Environmental & New Age Music 1980-1990",Various Artists,2019-02-15,2019,10,Light In The Attic,35,63x6MwkzIVtoH6lbHIYEtr,https://i.scdn.co/image/ab67616d0000b2731ad323d11d3771d7e9732ef8,
In the Silence,Ásgeir,2014-03-01,2014,10,Pod/Inertia,0,3INOrdFhKd4P8hluLlUIop,https://i.scdn.co/image/ab67616d0000b273efeece03a87a2bdb7847392f,
DAMN.,Kendrick Lamar,2017-04-14,2017,14,Aftermath,81,4eLPsYPBmXABThSJ821sqY,https://i.scdn.co/image/ab67616d0000b2738b52c6b9bc4e43d873869699,
Whispers,Passenger,2014-06-06,2014,18,Black Crow Records,44,2lUbDbD63lSMGJYyh4tzbg,https://i.scdn.co/image/ab67616d0000b2736abcbbeeb62d22d815822b3c,
Home Improvements,My Friend The Chocolate Cake,2007-03-17,2007,14,Bloodlines,9,5kszizHnWkNQqkTR2lk6pn,https://i.scdn.co/image/ab67616d0000b27364de13475394d3122d7504e6,
Die Lit,Playboi Carti,2018-05-11,2018,19,AWGE Label,79,7dAm8ShwJLFm9SaJ6Yc58O,https://i.scdn.co/image/ab67616d0000b273a1e867d40e7bb29ced5c0194,
ye,Kanye West,2018-06-01,2018,7,"Getting Out Our Dreams, Inc./Def Jam Recordings",76,2Ek1q2haOnxVqhvVKqMvJe,https://i.scdn.co/image/ab67616d0000b2730cd942c1a864afa4e92d04f2,
The Raincoats,The Raincoats,1979,1979,11,We ThRee,43,190Tx9jPHndq0qUlq79BJJ,https://i.scdn.co/image/ab67616d0000b27398b6d9a4e006f7e7bbe23769,
1000 gecs and The Tree of Clues,100 gecs,2020-07-10,2020,19,Dog Show Records,54,0qnExDZfz0kVeBjixPsyjS,https://i.scdn.co/image/ab67616d0000b273f91a3040f0be854026ad2dd0,
Treasure,Cocteau Twins,1984-11-01,1984,10,4AD,0,5N2tixSCaFkwdtJIG0jQmi,https://i.scdn.co/image/ab67616d0000b273ff3863483f9b6051fb412a8a,
Ghosteen,Nick Cave & The Bad Seeds,2019-10-03,2019,11,Ghosteen Ltd,49,6UOvMBrdfOWGqSvtQohiso,https://i.scdn.co/image/ab67616d0000b273a243b4b2d58fd2f31d8f1f4a,
Neō Wax Bloom,Iglooghost,2017-09-29,2017,11,Brainfeeder,36,68aZtDbgNargCMYgNvw5JG,https://i.scdn.co/image/ab67616d0000b2730c67ab993d8e939e97cf7a3f,
Caress Your Soul,Sticky Fingers,2013-03-08,2013,11,SureShaker Music,4,1dpC5MkRXeSEwnMMWG6t2z,https://i.scdn.co/image/ab67616d0000b273f236b84811d6267335f85490,
Heavy Is The Head,Stormzy,2019-12-13,2019,16,Atlantic Records UK,71,3y4AaloFccKNLQcZNS9L8c,https://i.scdn.co/image/ab67616d0000b273a1e8b73748ee972a4c22be16,
The Soft Bulletin,The Flaming Lips,1999-05-17,1999,14,Warner Records,47,1mJFgPeuLhU1PzLNBURdJC,https://i.scdn.co/image/ab67616d0000b273f958fdfa181b79454c1ed44b,
"Love, Longing And Loss",Touching The Void,2015-05-22,2015,15,LJE Music,1,054ur0B1QIaf5D0iPiNIT8,https://i.scdn.co/image/ab67616d0000b273a2d00b9916fcc43aa323ae78,
Run Fast Sleep Naked,Nick Murphy,2019-04-26,2019,11,Future Classic,0,4MV0wu8aEUr0xP2yp9IHXw,https://i.scdn.co/image/ab67616d0000b27363acbb6a7d4f10e54884deb4,
The Doors,The Doors,1967-01-04,1967,11,Rhino/Elektra,69,1jWmEhn3ggaL6isoyLfwBn,https://i.scdn.co/image/ab67616d0000b2735b96a8c5d61be8878452f8f1,
99.9%,KAYTRANADA,2016-05-06,2016,15,XL Recordings,2,1dZZh7PvVgce1DDsDPzy8Z,https://i.scdn.co/image/ab67616d0000b27342c18fe458181bc13d08070a,
Internationalist (Deluxe),Powderfinger,1998,1998,35,Universal Music Australia Pty. Ltd.,46,27QqOCHuqkVqGPqxFU1Bhj,https://i.scdn.co/image/ab67616d0000b2733ef907cdeeb222413aa8db04,
Henry's Dream (2010 Remastered Version),Nick Cave & The Bad Seeds,1992,1992,9,"Mute, a BMG Company",38,5WtxUsdAkyi39GlR9yhD1k,https://i.scdn.co/image/ab67616d0000b273047b1aacb8df9dcb76d0967f,
Sing Street (Original Motion Picture Soundtrack),Various Artists,2016-03-18,2016,17,Decca (UMO),48,5GudCwtzhNLH4K9juCxnMi,https://i.scdn.co/image/ab67616d0000b273fbee5556f7c4dd0e462cc668,
Ambient 1/Music For Airports,Brian Eno,1978,1978,4,EMI Marketing,45,063f8Ej8rLVTz9KkjQKEMa,https://i.scdn.co/image/ab67616d0000b27337a379ca6520eaf191de6ff2,
Paebiru,Lula Côrtes,2003,1975,14,Mr Bongo,9,0o3ZYaMU4BIrJ8ofWkMQ5q,https://i.scdn.co/image/ab67616d0000b273f30289b5921f6b1138bf7c17,
Under Wartime Conditions,The Cleaners From Venus,1984,1984,10,Mr Mule,27,6Az7AyBvH6w3U5i4H5f0wU,https://i.scdn.co/image/ab67616d0000b273fa1dd501ec31fb86d8cdfaee,
Music For Men,Gossip,2009-06-22,2009,12,Columbia,46,1GB8gZTSdbiup5FzxNknRo,https://i.scdn.co/image/ab67616d0000b273df4cf17c83fd12112c6cd371,
Fishing For Fishies,King Gizzard & The Lizard Wizard,2019-04-26,2019,9,FLIGHTLESS,0,5GprYViUaLSNTVhpMKKTFm,https://i.scdn.co/image/ab67616d0000b273b5bd8af17729dcdc597014d3,
SATURATION II,BROCKHAMPTON,2017-08-25,2017,16,"QUESTION EVERYTHING, INC. / EMPIRE",63,0XnqQzdSFAml08XZoRt1St,https://i.scdn.co/image/ab67616d0000b2737d15fb20303a589acc1ab98b,
Raw Material,Lance Ferguson,2017-08-04,2017,25,WM Australia,17,4QSmUv80nUOnVZRquECKqE,https://i.scdn.co/image/ab67616d0000b273f2e9700f0e559d5836fd3b88,
Circus In The Sky,Bliss n Eso,2013-06-28,2013,17,Illusive,53,7a9BYSvZVAJxNNRlgpWrBl,https://i.scdn.co/image/ab67616d0000b273da563eb810c267db366b5879,
NO ONE EVER REALLY DIES,N.E.R.D,2017-12-15,2017,11,Columbia,55,54OXaFd0PtGtAgauTmARkD,https://i.scdn.co/image/ab67616d0000b273be23f47224937c9b57a004b2,
Town Centre,Squid,2019-09-06,2019,4,Speedy Wunderground / [PIAS],23,1HHRsE5WWZZYFXE6Ewf5XB,https://i.scdn.co/image/ab67616d0000b27323229803badfb078f9a584ef,
The Machine That Made Us,Flotation Toy Warning,2017-06-16,2017,10,Talitres,11,1q3KpMelc1pQce6fDyu20Y,https://i.scdn.co/image/ab67616d0000b273d5f6118df2bef22292131860,
Charli,Charli XCX,2019-09-13,2019,15,Asylum,60,386IqvSuljaZsMjwDGGdLj,https://i.scdn.co/image/ab67616d0000b273cee4acc7bfe23bc75461a66c,
The Way Out,The Books,2010-01-01,2010,14,Universal Music Australia Pty. Ltd.,24,6deoCz8IvuARyqZqRQgUGC,https://i.scdn.co/image/ab67616d0000b2735bf5eaabf23951fd8a99b53f,
We're New Again - A Reimagining by Makaya McCraven,Gil Scott-Heron,2020-02-07,2020,18,XL Recordings,0,7AiWJCZ2HArLkWG8HdPgIQ,https://i.scdn.co/image/ab67616d0000b27396065be89fc099cc72fbe5c9,
Ágætis byrjun,Sigur Rós,1999-06-12,1999,10,Krunk,52,1DMMv1Kmoli3Y9fVEZDUVC,https://i.scdn.co/image/ab67616d0000b2735155b8344b7747e9708bd16d,
So We Can Remember,Thundamentals,2014-05-02,2014,13,High Depth,46,4J3zFCN8coF3v86UCbLuAt,https://i.scdn.co/image/ab67616d0000b273bfde6396478d799956f9e07f,
Aquemini,Outkast,1998-09-29,1998,16,Arista/LaFace Records,61,5ceB3rxgXqIRpsOvVzTG28,https://i.scdn.co/image/ab67616d0000b273377a6d2051b23afea65ee41a,
+,Ed Sheeran,2011-09-09,2011,16,Atlantic Records UK,74,02pi98kE0nra0yBqCStzbC,https://i.scdn.co/image/ab67616d0000b273ed139c2e0e3681cc2d35e256,
Minecraft - Volume Alpha,C418,2011-03-04,2011,24,C418,71,3Gt7rOjcZQoHCfnKl5AkK7,https://i.scdn.co/image/ab67616d0000b273aaeb5c9fb6131977995b7f0e,
Music for the Age of Miracles,The Clientele,2017-09-22,2017,14,Tapete Records,20,2pDjpTEfDFAW5U3IdjC6ZY,https://i.scdn.co/image/ab67616d0000b273f6b6bd19ccecd75292918a2f,
12 Bar Bruise,King Gizzard & The Lizard Wizard,2012-09-07,2012,12,Gaga Digi/Flightless,0,12YAySuE5NU6drJBLqtTBZ,https://i.scdn.co/image/ab67616d0000b2739d8df32259962634f1748790,
Donuts,J Dilla,2006-02-07,2006,31,Stones Throw Records,22,7xJ7jHNu3JNfdnao9xwMho,https://i.scdn.co/image/ab67616d0000b27340dcfbf3ef5d494ec137e9a2,
Scott 3,Scott Walker,1969-03-01,1969,13,UMC (Universal Music Catalogue),42,5ofQcOqaopFUp7VO5UYzpI,https://i.scdn.co/image/ab67616d0000b2737489de56991922c1b3d71703,
Violator (Deluxe),Depeche Mode,1990-03-19,1990,15,Venusnote Ltd.,59,0Tg76MY2wNK4j37iCb6qyH,https://i.scdn.co/image/ab67616d0000b273234bbbad4dce31cd2950af3e,
FM!,Vince Staples,2018-11-02,2018,11,Def Jam Recordings,50,1XGGeqLZxjOMdCJhmamIn8,https://i.scdn.co/image/ab67616d0000b2739b2f8a4adddf78565ad543ab,
Bandana,Freddie Gibbs,2019-06-28,2019,15,Madlib Invazion/ESGN/Keep Cool/RCA Records,58,31KbO7WnDp2AjPdmRTJzdf,https://i.scdn.co/image/ab67616d0000b2733bf3b1061f9f703b0f6bf532,
Repeater,Fugazi,1990,1990,14,Dischord Records,44,3ZnF1cPxlqB48RyLiecDnv,https://i.scdn.co/image/ab67616d0000b2731868c772b665b9c1622c8058,
Chinese Nü Yr,Iglooghost,2015-10-30,2015,4,Brainfeeder,21,1DYZmRfJOALk8MpQbWfyyx,https://i.scdn.co/image/ab67616d0000b273181acd33307cec71e7f6c55d,
Geography,Bedchamber,2018-02-27,2018,10,Kolibri Rekords,0,52OP3Ic73300mB9Rr1NITA,https://i.scdn.co/image/ab67616d0000b273698c412d1b19ed1cdebbddc7,
Black Sands,Bonobo,2010-03-29,2010,12,Ninja Tune,55,5m1RkwKeU7MV0Ni6PH2lPy,https://i.scdn.co/image/ab67616d0000b2737da6d6787071a97593cfbcee,
Come Away With ESG,ESG,2010,2010,11,Fire Records,48,3vPWxVFThDOQZ6siCLque5,https://i.scdn.co/image/ab67616d0000b2737a2085f9ce58fe7c4ea751e9,
What Went Down,Foals,2015-08-28,2015,10,Warner Records,5,4uIDigk79DeZEYV6Z5Yf4s,https://i.scdn.co/image/ab67616d0000b2731dfbd790f82621cdfcd90dbb,
Gumboot Soup,King Gizzard & The Lizard Wizard,2017-12-31,2017,11,FLIGHTLESS,0,6iQXoihfjrA9b65XnOddk9,https://i.scdn.co/image/ab67616d0000b273ad29a37e5d5890f78c81cd74,
Summer At Eureka,Pete Murray,2008-05-16,2008,11,Columbia,32,3MVT9z5TQQSvXO3ej5OV74,https://i.scdn.co/image/ab67616d0000b2733011677319a43c95b3894460,
Daydreamer,Harts,2014-09-05,2014,10,The A&R Department,0,3O1gfSWYabfGWmuQ3IBz42,https://i.scdn.co/image/ab67616d0000b273c40783d220297eb760e1bfdb,
Saltwater Country,Pigram Brothers,1997,1997,15,Pigram Music,30,2ZvrS7xbEY5Fi97Zj2HiI9,https://i.scdn.co/image/ab67616d0000b2732239c6f387b4283c1c020b7e,
Homework,Daft Punk,1997-01-17,1997,16,Daft Life Ltd./ADA France,67,5uRdvUR7xCnHmUW8n64n9y,https://i.scdn.co/image/ab67616d0000b2738ac778cc7d88779f74d33311,
Operation: Doomsday (Complete),MF DOOM,1999-04-20,1999,42,Metalface,64,4UG3kz6qoHtNI1glQ2wdon,https://i.scdn.co/image/ab67616d0000b273f56213eede5f2e6a6065fb6d,
Different Class,Pulp,1995-10-30,1995,12,Universal-Island Records Ltd.,64,3ly9T2L4pqTZijFgQssd3x,https://i.scdn.co/image/ab67616d0000b273fd952bece8f049dbcd7df93f,
Ḥ∆rām,Ḥ∆RĀM,2020-02-06,2020,8,Euforia Digital,0,49psDKixyYGiilaoItGMce,https://i.scdn.co/image/ab67616d0000b273c7bc45b4fd350d5f0cf9f2b1,
Second of Spring,Beaches,2017-07-08,2017,17,Chapter Music,7,2xfQFVdt4dGBfIKmLDh6ci,https://i.scdn.co/image/ab67616d0000b273d34b565e37558d4bdbb39a6e,
Don't Wake Me Up,The Microphones,1999,1999,15,P.W. Elverum & Sun,23,4gsSL7pcKXO4zMI3v2g8zl,https://i.scdn.co/image/ab67616d0000b2730c00d1c615472866d149e931,
Stop Making Sense,Talking Heads,1984,1984,16,Warner Records,55,4FR8Z6TvIsC56NLyNomNRE,https://i.scdn.co/image/ab67616d0000b2734436f2e7c93002ad0eb9716a,
Songs From The South: Paul Kelly's Greatest Hits 1985-2019,Paul Kelly,2019-11-15,2019,43,Universal Music Australia Pty. Ltd.,50,3LeZDyDDPmgUZpQgIfrB1a,https://i.scdn.co/image/ab67616d0000b273eaf3f5466ee63f5931d46513,
The Very Very Best Of Crowded House,Crowded House,2010-01-01,2010,32,Capitol Records,52,3XLP6DCTfz8eQkORPdfvvy,https://i.scdn.co/image/ab67616d0000b273ff3f6372e07e556e636cfea1,
Matraman,The Upstairs,2004-02-14,2004,9,SATELIT REKORD,37,04W8ZfHK51vMEqT1Pjg32p,https://i.scdn.co/image/ab67616d0000b273c697b84767442b8722272052,
They Were Better Live (Live At The Central Club),Weddings Parties Anything,1999,1999,32,WM Australia,23,2tL9lZh20Jdto3bHBIIdlf,https://i.scdn.co/image/ab67616d0000b2734e0b3fb8be6a659554d2ceea,
2049 (DELUXE EDITION),Kanye West,,2020,,Toasty Digitial,,,https://e.snmc.io/i/fullres/w/67e3581a08d9378d52383cec624e0011/8438288,
Late Registration,Kanye West,2005-08-30,2005,21,Roc-A-Fella,74,5ll74bqtkcXlKE7wwkMq4g,https://i.scdn.co/image/ab67616d0000b273428d2255141c2119409a31b2,
Didn't You Hear?,Mort Garson,1970,1970,15,Sacred Bones Records,25,0lLv3ISl4yDLg153Wuapjs,https://i.scdn.co/image/ab67616d0000b273d3adcfed117d66cbe0b8972e,
Guruh Gipsy,Guruh Gipsy,,1966,,Pramaqua,,,https://cdn2.albumoftheyear.org/345x/album/78896-guruh-gipsy.jpg,
Reachin' (A New Refutation Of Time And Space),Digable Planets,1993-01-01,1993,14,Pendulum Records,56,5snUbps5KleLIP0cVI72lP,https://i.scdn.co/image/ab67616d0000b273c9f6a742f2337f938e89f599,
K.G.,King Gizzard & The Lizard Wizard,2020-11-20,2020,10,Flightless Records,34,0jbjrhqnk0oyrykVCixPvf,https://i.scdn.co/image/ab67616d0000b2735be6937a0b1df762104304d8,
Blood Bank,Bon Iver,2009-01-20,2009,4,Jagjaguwar,55,5MjC805qLtwgqXH1c0kpjK,https://i.scdn.co/image/ab67616d0000b273a069fb06a202435c01137a88,
Lifestyles Of The Laptop Café,The Other People Place,2001-09-03,2001,8,Warp Records,35,4HuzPUi36WvuyGWKUcQEkt,https://i.scdn.co/image/ab67616d0000b27363403d4f1bfbfc1dbe973a11,
Double Rainbow,Babe Rainbow,2018-07-13,2018,11,FLIGHTLESS,0,7e7jIGqKuXuvgQglCvjqxS,https://i.scdn.co/image/ab67616d0000b273ca4777d0abf54568924dfb40,
Islands part 2,No Mono,2019-06-28,2019,11,Pieater,0,27jAiThnG0jGt5xqqjskQV,https://i.scdn.co/image/ab67616d0000b27373ca1121085afde458ea8310,
The Campfire Headphase,Boards of Canada,2005-10-17,2005,15,Warp Records,52,0wBiN0fKhy0ywx732SpgUs,https://i.scdn.co/image/ab67616d0000b27375ea8510776626eb920260c5,
Run The Jewels 3,Run The Jewels,2016-12-26,2016,14,"Run The Jewels, Inc.",37,508kK3Kneu7yPgfIyVRUzB,https://i.scdn.co/image/ab67616d0000b2734bce73abd8d3361c42dfd8d4,
M3LL155X,FKA twigs,2015-08-13,2015,5,Young Turks Recordings Ltd,0,7rSESybi14vAuEVzkipODD,https://i.scdn.co/image/ab67616d0000b273f2b15eb7758d131811680981,
Which Way is Forward?,Obongjayar,2020-02-07,2020,7,September Recordings,30,2RoACodePWs13YmxXV3v3M,https://i.scdn.co/image/ab67616d0000b2735152c71cc82023e3adfedf2a,
"Last Year Was Weird, Vol.2",Tkay Maidza,2020-08-07,2020,8,Universal Music Australia Pty. Ltd.,44,7DoQVFuq50UZLWVTVzHGHq,https://i.scdn.co/image/ab67616d0000b2738eed96137c24b8aad95e90e6,
Diamond Dogs (2016 Remaster),David Bowie,1974-05-24,1974,11,Parlophone UK,64,72mfhbEsMtXR6s7v9UhKe3,https://i.scdn.co/image/ab67616d0000b273ad22c83a6e1567f8453c32b3,
Drop 6,Little Simz,2020-05-06,2020,5,AGE 101,46,6QrGmXbUtjyekuW83gXBBb,https://i.scdn.co/image/ab67616d0000b273d0bb66e4667e13d4fdc739d6,
uknowhatimsayin¿,Danny Brown,2019-10-04,2019,11,Warp Records,46,4G3BRVsGEpWzUdplFJ1VBl,https://i.scdn.co/image/ab67616d0000b273b9aced11ec7fe35da74ee9fc,
Indigo Child,Raury,2015-02-24,2015,6,Love Renaissance/Columbia,38,3HVk2UGwXUfE51s1MmPzrL,https://i.scdn.co/image/ab67616d0000b273dc3d2efba66ff5cd3edfcb56,
Hiding Places,billy woods,2019-03-29,2019,12,Backwoodz Studioz,42,0HmKhR7Umt3ACs52ZLnKyK,https://i.scdn.co/image/ab67616d0000b2737b2e04e2acfda83a4624770f,
If You Wait (Deluxe),London Grammar,2013-01-01,2013,17,Universal Music Australia Pty. Ltd.,48,6oL2G6TgAo3mq4O2i6n2JI,https://i.scdn.co/image/ab67616d0000b273b57bc7b2d3c40cd06e8f0402,
Shahen-Shah (Real World Gold),Nusrat Fateh Ali Khan,1989,1989,6,Real World Records,36,10GkvioKyOSyh7Q7aIbu2C,https://i.scdn.co/image/ab67616d0000b273080a84bf36a5ae9682df6211,
Live At Sin-é (Legacy Edition),Jeff Buckley,1993,1993,34,Columbia/Legacy,43,58NsNICf7hyif5WruzsLWc,https://i.scdn.co/image/ab67616d0000b2737763c5c3004079c1bf46189e,
Strumming Music,Charlemagne Palestine,1974,1974,1,Felmay,8,1KiFNswcEynSZCSn8SZ359,https://i.scdn.co/image/ab67616d0000b2739916a7cc31d985192701bde9,
Lemonade,Beyoncé,2016-04-23,2016,13,Parkwood Entertainment/Columbia,73,7dK54iZuOxXFarGhXwEXfF,https://i.scdn.co/image/ab67616d0000b27389992f4d7d4ab94937bf9e23,
CARNAGE,Nick Cave,2021-02-25,2021,8,Goliath Enterprises Limited,47,6xWNh0mUOdEg77U1f6oojz,https://i.scdn.co/image/ab67616d0000b2735dc0d85521156d1edd72a141,
Welfare Jazz,Viagra Boys,2021-01-08,2021,13,YEAR0001,49,6Kni5BJN0cqBMXqANtHGG8,https://i.scdn.co/image/ab67616d0000b2732be2ebdc41f19e95ee742bb5,
Brass,Moor Mother,2020-12-24,2020,15,Backwoodz Studioz,36,2xU8y7tprnryyZndlYNNns,https://i.scdn.co/image/ab67616d0000b2737e666fbc4e428a03e4117e5b,
Safe In The Hands of Love,Yves Tumor,2018-09-05,2018,10,Warp Records,48,1IpYZkYoYCjXTYMDEW8Ksk,https://i.scdn.co/image/ab67616d0000b273f5533d680fa116232aa10cbc,
King Tide,Weddings Parties Anything,1993-08-30,1993,13,Sony Music Entertainment,20,5LzXjAnXpmnjl5Xb7pIGLe,https://i.scdn.co/image/ab67616d0000b2737d4986872e25dd98a18dbee3,
Cavalcade,black midi,2021-05-26,2021,8,Rough Trade,49,7AsC27VDa3yOksZrfBSD6D,https://i.scdn.co/image/ab67616d0000b273313e685574adc6ead733b53c,
Kindred,Burial,2012-03-05,2012,3,Hyperdub,24,2j42kxVAgj2oyIvsNNPWpT,https://i.scdn.co/image/ab67616d0000b273c791dd4e12edc0ba7beb74ab,
Bright Green Field,Squid,2021-05-07,2021,11,Warp Records,48,4z44Wir05QzQYSCs0KwsKX,https://i.scdn.co/image/ab67616d0000b27355fa8fe66444b56a47f69327,
t.i.a.p.f.y.h.,Left at London,2021-06-04,2021,7,Left at London is Gay,32,3AmtZIC01fVMxFCGIIlMzO,https://i.scdn.co/image/ab67616d0000b2731359cc4a0aaa6aa6cc780294,
Here Come The Warm Jets,Brian Eno,1973,1973,10,EMI Marketing,42,74jn28Kr29iyh8eZXSvnwi,https://i.scdn.co/image/ab67616d0000b273da85b0f131c23ccf6b631aad,
Blue Weekend,Wolf Alice,2021-06-04,2021,11,Liberator Music / Dirty Hit,42,5OxxXTUecFQgCVqztbcynb,https://i.scdn.co/image/ab67616d0000b27376f66818b36b93b142bf306f,
Sling,Clairo,2021-07-16,2021,12,Republic Records,49,3GrXqCA3AMa03zCgWkWYqN,https://i.scdn.co/image/ab67616d0000b27382dd20d5b7e53477576fb96d,
The Turning Wheel,Spellling,2021-06-25,2021,12,Sacred Bones Records,46,0vzzI81Sz2JAr4dVo8rrIj,https://i.scdn.co/image/ab67616d0000b273a82f49b9ff07dce9186fd27f,
Butterfly 3000,King Gizzard & The Lizard Wizard,2021-06-11,2021,10,KGLW (King Gizzard & the Lizard Wizard),57,2I0LPpmyvAwnXvCuBf3Pcy,https://i.scdn.co/image/ab67616d0000b273f50080f094264011260c3bbb,
Illmatic,Nas,1994-04-19,1994,10,Columbia,66,3kEtdS2pH6hKcMU9Wioob1,https://i.scdn.co/image/ab67616d0000b273045fc920ecf4f8094888ec26,
Stratosphere,Duster,1998-02-24,1998,17,Numero Group,54,35QrvQ2SlbEwZD8oq2yxBH,https://i.scdn.co/image/ab67616d0000b273d27d0d7dfbdb9a0a101383a4,
Spiral,DARKSIDE,2021-07-23,2021,9,Matador,52,09JglS9OxbpOkj5LXBsxYN,https://i.scdn.co/image/ab67616d0000b273e1de6acc3c07fb49e82808a7,
Tender Prey (2010 Remastered Version),Nick Cave & The Bad Seeds,1988,1988,10,"Mute, a BMG Company",37,5OSsPdLhUCoI5g5ASRxLwr,https://i.scdn.co/image/ab67616d0000b273b838f3982f8eaa7e82730edd,
The ArchAndroid,Janelle Monáe,2010-05-17,2010,18,Bad Boy/Wondaland,50,7MvSB0JTdtl1pSwZcgvYQX,https://i.scdn.co/image/ab67616d0000b273120a1366324c2ae1728e17e5,
On the Beach,Neil Young,1974-07-16,1974,8,Reprise,50,3w5Hok05AFjCLy269xXM7e,https://i.scdn.co/image/ab67616d0000b27352b0bc5b10e0a89fc285736e,
Deep States,Tropical Fuck Storm,2021-08-20,2021,10,Virgin Music Label And Artist Services Australia (P&D),32,292h3HHweYdGXKV0erbYaO,https://i.scdn.co/image/ab67616d0000b27366de3b12dcd7e93d888c4aa3,
TYRON,slowthai,2021-02-12,2021,14,Method,62,7qE3WaOVAAIxgH8WtjbBBj,https://i.scdn.co/image/ab67616d0000b2736256c5303a98e9aefdf07127,
Solar Power,Lorde,2021-08-20,2021,12,Universal Music New Zealand Limited,81,1lDMJQcBCttCroFPkNHtN7,https://i.scdn.co/image/ab67616d0000b273047bf07dcc7198a614113c20,
For Those I Love,For Those I Love,2021-03-26,2021,9,September Recordings,37,3gpVbxElqwLZfc1ZWfiN27,https://i.scdn.co/image/ab67616d0000b273796b63c833d0fed539945adc,
Little Earthquakes (2015 Remaster),Tori Amos,1992-01-06,1992,12,Rhino Atlantic,31,4xbivyNgO8FTIfxnzBtr5j,https://i.scdn.co/image/ab67616d0000b273b87a56daabd2dc079a052ad4,
Donda,Kanye West,2021-08-29,2021,27,Rock The World/IDJ/Kanye LP7,98,340MjPcVdiQRnMigrPybZA,https://i.scdn.co/image/ab67616d0000b2736ba1cffc9b2c5469503430b3,
Sometimes I Might Be Introvert,Little Simz,2021-09-03,2021,19,AGE 101,70,0DBoWQ52XUHtrZQdfAqOVj,https://i.scdn.co/image/ab67616d0000b2738880312891033e27f0e4341b,
Bitte Orca,Dirty Projectors,2009-06-03,2009,9,Domino Recording Co,27,2Geg4mwE8z9DO5BSSUoMKz,https://i.scdn.co/image/ab67616d0000b273bd8aa0e969803c31f91ff79c,
Culture,Migos,2017-01-27,2017,13,Quality Control Music,71,2AvupjUeMnSffKEV05x222,https://i.scdn.co/image/ab67616d0000b27399a8ab6da9d593939302828a,
Overly Dedicated,Kendrick Lamar,2010-09-14,2010,12,Top Dawg Entertainment / Kendrick Lamar,55,7MoLQ8vckhwBbQqEYQTYQC,https://i.scdn.co/image/ab67616d0000b2739b035b031d9f0a6a75ae464e,
Yanqui U.X.O.,Godspeed You! Black Emperor,2002-11-04,2002,5,Constellation,22,5ydUUSd6Z62SLZCQ9RkE0d,https://i.scdn.co/image/ab67616d0000b273505478d3b0790313f88460b5,
RTJ4,Run The Jewels,2020-06-03,2020,11,BMG Rights Management (US) LLC,58,6cx4GVNs03Pu4ZczRnWiLd,https://i.scdn.co/image/ab67616d0000b273bed9d43f754cc05ae29c2c85,
JESUS IS KING,Kanye West,2019-10-25,2019,11,Getting Out Our Dreams II / Def Jam Recordings,72,0FgZKfoU2Br5sHOfvZKTI9,https://i.scdn.co/image/ab67616d0000b2731bb797bbfe2480650b6c2964,
God's Favorite Customer,Father John Misty,2018-06-01,2018,10,Sub Pop Records,0,0hMPUtgjezv7gUsmhztvPv,https://i.scdn.co/image/ab67616d0000b273a62562cc28e6061c568d53dc,
Swiss Army Man (Original Motion Picture Soundtrack),Andy Hull and Robert McDowell,2016-06-24,2016,24,Lakeshore Records,39,0N7JnJmKC0K8CIDdZSC3w3,https://i.scdn.co/image/ab67616d0000b27339c45b30babfc761d5e08661,
Steroids (Crouching Tiger Hidden Gabber),Death Grips,2017-05-22,2017,1,Third Worlds,26,2Wuq9tP4d0FaLR1712Cs2F,https://i.scdn.co/image/ab67616d0000b273a6a0f426165d57850732c1f1,
case/lang/veirs,case/lang/veirs,2016-06-17,2016,14,Anti/Epitaph,40,0U5U4AU94YjYY2QoOpmwfN,https://i.scdn.co/image/ab67616d0000b273de6d804825d184e767218a9b,
UNLOCKED,Denzel Curry,2020-02-07,2020,8,Loma Vista Recordings,56,5LsyqeWryTmxsmda4xkm5a,https://i.scdn.co/image/ab67616d0000b273922a12ba0b5a66f034dc9959,
"Fantastic, Vol. 2.10",Slum Village,2010-10-12,2010,36,Ne’Astra Music,53,3bF7UefpUmG1BAriPPLLez,https://i.scdn.co/image/ab67616d0000b2731e2c21c76335a726538496cd,
Every Hero Needs a Villain,CZARFACE,2015-06-16,2015,17,Brick Records,44,41LvlG1SKgfysJoUFE1cOK,https://i.scdn.co/image/ab67616d0000b273708e31ddff195293862713d6,
Fetti,Curren$y,2018-10-31,2018,9,ESGN / Jet Life Recordings / ALC / EMPIRE,48,3JgtFZroTUGoklTtb2xOne,https://i.scdn.co/image/ab67616d0000b2738deb51a13ccc6991ea4710c9,
vol.01,The Selection of DE DE MOUSE Favorites performed by Rokugen Club with Farah a.k.a. RF,2013-03-20,2013,10,not records,2,6QxFum9XOdCXm73rv4nWla,https://i.scdn.co/image/ab67616d0000b2734508c393687465bf8098e840,
Skin Companion EP II,Flume,2017-02-17,2017,4,Future Classic,0,0O2hFjBQB8AatcrzCPMEKy,https://i.scdn.co/image/ab67616d0000b2733ac3b3ed1cc4a67ac1df3a47,
EP2,Yaeji,2017-11-03,2017,5,GODMODE,0,1haNHfsOFIrDKDFYr0pbsy,https://i.scdn.co/image/ab67616d0000b273a50beafda6a95bbe8a776d07,
Skin Companion EP I,Flume,2016-11-25,2016,4,Future Classic,0,3vGceDwU6yB3JKbvtru8lm,https://i.scdn.co/image/ab67616d0000b27319b7b675419d93d5f6a90280,
Greatest Hits,The Cure,2001-01-01,2001,18,Polydor Records,56,093amtf9s8VkIdUtvd2Tap,https://i.scdn.co/image/ab67616d0000b273041dc87f77396196f0f41c64,
Greatest Hits,Elton John,2002,2002,34,Mercury Records Limited,50,5wNitMGZs4mCBdbKFbzwzn,https://i.scdn.co/image/ab67616d0000b273995be10a6b380541b2717be8,
Fingerprints & Footprints - The Ultimate Collection,Powderfinger,2011-01-01,2011,35,Universal Music Australia Pty. Ltd.,40,3TDimUGd7RULilf8dvoGXf,https://i.scdn.co/image/ab67616d0000b273c99282eb112e0ad89430afc6,
U218 Singles,U2,2006-01-01,2006,19,Universal-Island Records Ltd.,50,6QuTLkcFQz5fCNNpPGLRAA,https://i.scdn.co/image/ab67616d0000b2733ebda46c0dce5e50a27edc3c,
Jack White Acoustic Recordings 1998 - 2016,Jack White,2016-09-09,2016,26,XL Recordings,1,7JCOdAGtntpYz061NH8yX5,https://i.scdn.co/image/ab67616d0000b27366969c92afa13efab0987eb1,
Best Of Blondie,Blondie,1981-10-31,1981,12,Chrysalis\EMI Records (USA),64,7mEjsBlRmfP63cH1gdPT6A,https://i.scdn.co/image/ab67616d0000b2738cf86a9be38868f1d73cdb58,
Legend - The Best Of Bob Marley And The Wailers,Bob Marley & The Wailers,2002-01-01,2002,16,UMC (Universal Music Catalogue),72,4jKeipwuUTjlx9USNYdhZn,https://i.scdn.co/image/ab67616d0000b273413a6c2c7b296d98171e5e21,
The Very Best of Daryl Hall / John Oates,Daryl Hall & John Oates,2001-01-23,2001,18,RCA Records Label,58,4tUyNf5dGXwY4TaMaxwhqF,https://i.scdn.co/image/ab67616d0000b273f43547de689aabc4c44ab62d,
Bowie at the Beeb (The Best of the BBC Sessions 1968-1972),David Bowie,2000-09-25,2000,37,Parlophone UK,34,29RCxn2H66nE9O1454d26L,https://i.scdn.co/image/ab67616d0000b2737e499e7c7a13b08d6a2683cd,
1 (Remastered),The Beatles,2000-11-13,2000,27,UMC (Universal Music Catalogue),75,7vEJAtP3KgKSpOHVgwm3Eh,https://i.scdn.co/image/ab67616d0000b273582d56ce20fe0146ffa0e5cf,
"Legacy (The Very Best Of David Bowie, Deluxe)",David Bowie,2016-11-11,2016,40,Rhino,48,4JEgSaokMH5mMRClx9wp3S,https://i.scdn.co/image/ab67616d0000b273edf78ba2ee22e2abc4b4eb55,
